asset_date,vcoin_id,currency,币种状态,开盘时间,官网,合约地址,official_twitter,family,chain_id,dex_chain_id,chain_source,chain_status
2026-05-31,dba23f324c834c9888c6e869f495395e,KNTQ,正常,2026-05-29 14:30:00,https://kinetiq.xyz/,0x000000000000780555bD0BCA3791f89f9542c2d6,https://twitter.com/kinetiq_xyz,evm,,,,unresolved_no_result
2026-05-31,ee87c1146a9042edbb860e6cb444cec5,QAIT,正常,2026-05-28 23:30:00,https://www.qait.ch,0x4d41A5d412f4Ef44A35b9f53b06DB65edE249493,https://x.com/Sealcoin_QAIT,evm,,,,unresolved_no_result
2026-05-31,a9f50c95d41e4cdca94e92c32be73bb3,ANVL,正常,2026-05-28 23:00:00,http://anvil.xyz/,0xAEEAa594e7dc112D67b8547fe9767a02c15B5597,https://x.com/anvil_xyz,evm,1,1,goplus_probe,goplus_symbol_match
2026-05-31,70121e575fcb481ab7aab42988abd03f,CLAW,正常,2026-05-28 18:00:00,https://www.clawworks.info/,0x565b294e70b1d5a5A5E6390f1D6Ac9c92a3D6dd2,https://x.com/claw_works,evm,56,56,goplus_probe,goplus_symbol_match
2026-05-31,f17751247ddf40d08b3a2c9d29c053ad,WALLI,正常,2026-05-28 15:00:00,https://wallitelli.ai/,0xc6A031fd206C72c614dB391590F48a5Ed9B2f9dC,https://twitter.com/wallitelli_ai,evm,56,56,goplus_probe,goplus_symbol_match
2026-05-31,ab3cbb94609a4ba88c13d4a26cdaed3d,DROPEE,正常,2026-05-27 23:00:00,https://dropee.xyz/,EQDPGjm4PU81Dez2rmQFQU2hw_i8hut5GTU91HOtzZbPEWf8,https://x.com/dropee_app,ton,ton,ton,address_format,
2026-05-31,a9f7abcdaf5c4c4185a3f5915edd8df4,DEUS,正常,2026-05-27 21:00:00,https://www.xmaquina.io/,0x940A319B75861014A220D9c6c144d108552B089B,https://twitter.com/xmaquina,evm,8453,8453,goplus_probe,goplus_symbol_match
2026-05-31,b6e106d33dc340aa8feb6b9f0fc0f849,REQ,正常,2026-05-27 14:10:00,https://request.network/,0x8f8221aFbB33998d8584A2B05749bA73c37a938a,https://twitter.com/requestnetwork,evm,1,1,goplus_probe,goplus_symbol_match
2026-05-31,a66ad8e7f6244b31a2190c2ad24f9162,AORA,正常,2026-05-26 21:00:00,https://www.atlasora.foundation/,0x6E84030FA86EBf585E3E18fe557e5612f7e93Bff,https://twitter.com/AtlasOraFi,evm,,,,unresolved_no_result
2026-05-31,fc9f7ffb3da14d6b9b1f424aea7b1f9b,CTR,正常,2026-05-26 21:00:00,https://citrea.xyz/,0x11030f79109269d796fd0FB956D6244e502757f7,https://twitter.com/citrea_xyz,evm,,,,unresolved_no_result
2026-05-31,cebd650f13504381a263141ae27627da,SLX,正常,2026-05-25 22:00:00,https://solstice.finance/,SLXdx4BUt2v9uJQNzWqSfzTJ9UKLUDsvxHFMEEdrfgq,https://twitter.com/solsticefi,solana,solana,solana,address_format,
2026-05-31,864116e5b6554059ab63c3fa89e80765,KSKD,正常,2026-05-25 20:00:00,https://www.kaskad.app/,0x16d92794F5B81d2CdEd0F0958779A410401e6435,https://x.com/AppKaskad,evm,,,,unresolved_no_result
2026-05-31,1568100e423f426bb947b885f961fa8c,SPACEX(PRE),正常,2026-05-25 16:00:00,,,,missing,,,,
2026-05-31,135d76f85b6845979510c6521e502b97,CAS,正常,2026-05-25 14:00:00,https://caspius.ai/,0xF1070Fd43cd11Af8dA18fF4EDFb1A18279CD6F67,https://x.com/caspius_ai,evm,8453,8453,goplus_probe,goplus_symbol_match
2026-05-31,a19eba2984114b9f94761376bda4c03d,SURPLUS,正常,2026-05-25 10:20:00,https://www.surplusintelligence.ai/,0xC52aeDec3374422d7510E294cfAa90799595CBa3,,evm,,,,unresolved_no_result
2026-05-31,21a10c441e0646ce8998cbb9c4659b80,RICH,正常,2026-05-24 11:40:00,,5hiLgyybrAYPpUwNFa38agfZ8iEtnahWKAPixcfspump,,solana,solana,solana,address_format,
2026-05-31,6c184779c92642f38f059960de532267,VIRL,正常,2026-05-21 17:00:00,,BiywH8Eq2CbGhwMHKwCnfTiccWJwN7r1Q4Qn9hsypump,https://x.com/virlfun,solana,solana,solana,address_format,
2026-05-31,0f43de06284543aababcb071448ca171,SENS,正常,2026-05-21 17:00:00,https://www.presens.network,0x1e6fc4F7a59FfA555535a4827865aAd231dB3940,https://x.com/PresensNetwork,evm,,,,unresolved_no_result
2026-05-31,537ee435684545dc905fb38244d65d0a,NOOK,正常,2026-05-21 12:05:00,,0xb233BDFFD437E60fA451F62c6c09D3804d285Ba3,https://x.com/nookplot,evm,8453,8453,goplus_probe,goplus_symbol_match
2026-05-31,801963542c084010b9c9385552a70c0f,NEX,正常,2026-05-20 23:00:00,https://nexus.xyz,0xf57D49646621F563b0B905aFc8336923AC569Ec5,https://x.com/NexusLabs,evm,1,1,goplus_probe,goplus_symbol_match
2026-05-31,0c3c544b4aa247b5a171e14a8143ac01,XT,正常,2026-05-20 18:00:00,https://www.xwinner.ai/,0xb8a583E2089B32689Dda3F626a33b7719e5470c6,https://x.com/xwinnerglobal,evm,56,56,goplus_probe,goplus_symbol_match
2026-05-31,152323a76ac54389880d3076519ccc11,MEMECOIN,正常,2026-05-20 16:05:00,,Bb4jR951QtVjeFAYFLBYXDSMKjbTDroCLPbFLdd7pump,https://x.com/thememecoincult,solana,solana,solana,address_format,
2026-05-31,77da0756295a4574a168f21a73a837ac,PITCH,正常,2026-05-20 15:30:00,,0xeaE13ea73BEc936664A51734c8c01ec7c3B0699C,https://x.com/Pitch_ERC,evm,,,,unresolved_no_result
2026-05-31,bb1a4aafc98748d492c7bab61736f94f,KELLYCLAUDE,正常,2026-05-20 10:00:00,https://iamkelly.ai/,0x50D2280441372486BeecdD328c1854743EBaCb07,https://x.com/kellyclaudeai,evm,,,,unresolved_no_result
2026-05-31,a8c6bbdbb0a3472086b9d44d6ea56cc7,ZEST,正常,2026-05-19 21:00:00,https://www.zestprotocol.com/,0x5506599c722389A60580B5213ea1Da60D64754a1,https://twitter.com/ZestProtocol,evm,56,56,goplus_probe,goplus_symbol_match
2026-05-31,10956169342949ecae38f8b7cc833e1c,TSG,正常,2026-05-19 17:20:00,,0x4c433F4EF87fE506A7eED2fD1d822CBED411eBA3,,evm,8453,8453,goplus_probe,goplus_symbol_match
2026-05-31,9f8ab9d4f80e4d7fb7a51ba17758c493,LMAO,正常,2026-05-19 14:10:00,,H74CYmXgMkYHYuSRsZt6RJb4NYp2u72Vw8BS5huApump,https://x.com/theLMAOcoin,solana,solana,solana,address_format,
2026-05-31,8f8202b35b464911b9a980cfb07d1fe4,ATWO,正常,2026-05-18 20:00:00,https://arenatwo.com,0x499D35eBE6cEe9B2Ac35Fd003fcBbeeB9CFc7B32,https://twitter.com/arenatwoX,evm,56,56,goplus_probe,goplus_symbol_match
2026-05-31,42a2d05b68d8421ba39c17f47c32b6ad,VIM,正常,2026-05-18 17:00:00,https://www.vimverse.xyz,0xb32c20868b32fAc2fd6136c8A3CC4b31441DCdF4,https://x.com/vimverse_dao,evm,56,56,goplus_probe,goplus_symbol_match
2026-05-31,beb31b0f20a24e0daa9241a440c10f84,BOBO,正常,2026-05-18 16:00:00,,4nV5gNwwP68zUDat26ySChREqVaQaLudfJBkSgEzpump,,solana,solana,solana,address_format,
2026-05-31,fe4b69903d2f460ab5479e87a5b1f203,AEON,正常,2026-05-18 15:30:00,,0xBf8E8f0e8866a7052F948C16508644347c57aba3,https://x.com/aeonframework,evm,,,,unresolved_no_result
2026-05-31,67b1e3db609249b792c3eb692de728b3,AWF,正常,2026-05-18 11:15:00,,0x12a77658112Cf42914cB614D13653ed5852DA1e5,https://x.com/AWF_ETHCTO,evm,,,,unresolved_no_result
2026-05-31,80f5cb556ce74849a204e0ef26402810,DVERSE,正常,2026-05-16 18:00:00,http://degenverse.io,0xdceA459adDf6E7342adDD4832D21657A27A555f4,https://x.com/DegenVerseWeb3,evm,56,56,goplus_probe,goplus_symbol_match
2026-05-31,3f1ed26ab6e04d9db9869d20d2d3bafd,HOOLI,正常,2026-05-15 18:00:00,https://www.mypethooligan.com/en,FPJfY8mMTRwaePD2f46TFLqVov4X9svBaUgR1a8oTwTF,https://x.com/mypethooligan,solana,solana,solana,address_format,
2026-05-31,a2845faa96204d1baacae6427d815447,UBOX,正常,2026-05-15 17:00:00,http://ubox.network,0x626d16De9872D5c82dBaBC9ba9a5b2Ca2d95D99D,https://x.com/ubox_io,evm,,,,candidate_symbol_mismatch:56:UBX
2026-05-31,1fa3f5bd2c8c43e989afcaf9b1991885,STAR,正常,2026-05-14 22:00:00,https://www.starpower.world/,0x8fce7206E3043DD360F115AFa956EE31b90B787C,https://twitter.com/starpowerworld,evm,56,56,goplus_probe,goplus_symbol_match
2026-05-31,eb9c8b9cb9164faaa75aa3fa14e01e6a,BABYSHARK,正常,2026-05-14 16:00:00,https://www.babysharkuniverse.io,0x777BF78ad4546B61607A17BF4a1977dBbeA98c28,https://twitter.com/BSUniverse_OFCL,evm,56,56,goplus_probe,goplus_symbol_match
2026-05-31,f2ce0f6f2e7a4d74a2f4ed080321f3d3,GITLAWB,正常,2026-05-14 13:20:00,,0x5F980Dcfc4c0fa3911554cf5ab288ed0eb13DBa3,https://x.com/gitlawb,evm,,,,unresolved_no_result
2026-05-31,8625e22c929849f1ae95a4e541de109e,CLAWBANK,正常,2026-05-13 10:40:00,https://clawbank.co/,0x16332535E2c27da578bC2e82bEb09Ce9d3C8EB07,https://x.com/ClawBankHQ,evm,,,,unresolved_no_result
2026-05-31,8e73482973bd41be83697cdc15822412,ASTEROIDSOL,正常,2026-05-13 10:15:00,https://asteroid.charity/,4UeLCRqARmfb6e6KQijtiktqqXUxbfk6jZng7DhuBAGS,https://x.com/asteroid_bags,solana,solana,solana,address_format,
2026-05-31,8f0d086393f84c74aabe6354fda12e92,NXT,正常,2026-05-12 18:00:00,https://nexst.io/,0xaE7484d162ba80b340eBa7769A7A67838b1c16C1,https://x.com/NEXST_AI,evm,56,56,goplus_probe,goplus_symbol_match
2026-05-31,c86cd4d8edbd463f8681b8f544a6ffbf,HPP,正常,2026-05-12 18:00:00,https://www.hpp.io/,0xe33fbE7584EB79e2673abe576B7AC8C0De62565c,https://twitter.com/aergo_io,evm,1,1,goplus_probe,goplus_symbol_match
2026-05-31,16aaff71e3a14117b92e28c9b5207f42,RAGEGUY,正常,2026-05-12 16:10:00,,GvV7sFu6FHJsSVXfpG7xqFnWar3c7YkcC74rqe7Bpump,https://x.com/rageguy_og,solana,solana,solana,address_format,
2026-05-31,632207a7facc473a8c6339b43cf3cb1f,RKC,正常,2026-05-12 11:00:00,,7HgfXftRBBqsYtAEYcqjGLQrNJLL6Tww9ek4rE3Apump,,solana,solana,solana,address_format,
2026-05-31,b627143d4b1d447592015f50c3dcf554,BR,正常,2026-05-11 18:00:00,https://bedrockdao.com/,0xFf7d6A96ae471BbCD7713aF9CB1fEeB16cf56B41,https://twitter.com/Bedrock_DeFi,evm,56,56,goplus_probe,goplus_symbol_match
2026-05-31,9254d9e8a11746989affd7379797b6b0,HASH,正常,2026-05-11 17:40:00,,0xAC7b5d06fa1e77D08aea40d46cB7C5923A87A0cc,https://x.com/hash256dotorg,evm,1,1,goplus_probe,goplus_symbol_match
2026-05-31,4036379cdecf469d848c025ab23683f5,POD,正常,2026-05-11 13:50:00,https://dphn.ai/,0xeD664536023d8E4b1640C394777D34aBAFF1dF8F,https://x.com/dphnAI,evm,8453,8453,goplus_probe,goplus_symbol_match
2026-05-31,4f11205a56a546288ac865c1bf9b7993,LO0P,正常,2026-05-10 17:40:00,,0x00000000000050806673B532D7486ac114c1De3F,https://x.com/lo0pio,evm,1,1,goplus_probe,goplus_symbol_match
2026-05-31,442eb94702f24973a3f8913dae8f563a,MAXXING,正常,2026-05-09 13:50:00,https://www.solmaxxing.xyz/,32CdQdBUxbCsLy5AUHWmyidfwhgGUr9N573NBUrDpump,https://twitter.com/_maxxing,solana,solana,solana,address_format,
2026-05-31,d8edb195ed4b4dc9bfd70191a1bb83ee,SHIT,正常,2026-05-09 13:50:00,,0xaF1E52927d724Fd34773Bd53adA57f4C2B742069,https://x.com/42069SHIT,evm,,,,unresolved_no_result
2026-05-31,7d42457d522845cbab8456f19d9ad7a1,SHARE,正常,2026-05-08 18:00:00,https://www.sharex.network/,0x5FCA51aff213bFBEAB0b711b93c3374252fD6aC3,https://x.com/ShareX_Network,evm,,,,unresolved_no_result
2026-05-31,b4554bfec1234edd9ff991ef452df244,BSA,正常,2026-05-08 16:00:00,https://blocksecx.com/,0xFa8c84143859AFC868014896D8a10cb80a396D2A,https://x.com/BlockSec_Arena,evm,56,56,goplus_probe,goplus_symbol_match
2026-05-31,fca1cb82457a49cb91bceda510c9610e,HANTA,正常,2026-05-08 10:15:00,https://hantavirusol.site/,2tXpgu2DLTsPUf9zFmuZmA4xrYxXKBTpVq9wAM7hzs9y,https://x.com/HantaVirusol,solana,solana,solana,address_format,
2026-05-31,7519b267a1c042e0bd8ee9910da5a47d,USDUC,正常,2026-05-07 09:55:00,https://usduc.io/,CB9dDufT3ZuQXqqSfa1c5kY935TEreyBw9XJXxHKpump,https://twitter.com/usduc_official,solana,solana,solana,address_format,
2026-05-31,5f1872af1ddf4efc946a856763b3552a,KAIO,正常,2026-05-06 21:03:00,https://www.kaio.xyz/,0x00BAC91fd8f5b4a0dc03C8021139B76F6549Ee7E,https://twitter.com/KAIO_xyz,evm,1,1,goplus_probe,goplus_symbol_match
2026-05-31,5b9d89a2d87743088712212c883b8abd,SN85,正常,2026-05-06 18:00:00,https://vidaio.io/,85,https://x.com/vidaio_,other,,,,
2026-05-31,ceff008bd2b54158b2a2ba44742c27f0,UTYA,正常,2026-05-05 21:00:00,https://tonutya.com,EQBaCgUwOoc6gHCNln_oJzb0mVs79YG7wYoavh-o1ItaneLA,https://twitter.com/TonUtyacoin,ton,ton,ton,address_format,
2026-05-31,bf8a170626494f12879f10fd82187656,BILL,正常,2026-05-04 15:03:00,https://billions.network/,0xDf24f8c21Cb404B3031a450D8e049D6E39FC1fA5,https://twitter.com/billions_ntwk,evm,56,56,goplus_probe,goplus_symbol_match
2026-05-31,90356bf9e5734236a8b75c407d18395c,SATO,正常,2026-05-04 13:35:00,https://sat0.org/,0x829f4B62EEBE12Af653b4dD4fFc480966F7d7f09,,evm,1,1,goplus_probe,goplus_symbol_match
2026-05-31,132af0a58dba4719b4491e6db24b2716,LFI,正常,2026-05-03 15:20:00,https://lienfi.com/,0x3722264aB15a1dfCe5a5af89e6547F7949A8ABA3,https://x.com/lienfiapp,evm,8453,8453,goplus_probe,goplus_symbol_match
2026-05-31,5222d1be1a6d4e94b93f6cab98e5d8dc,熊猫头,正常,2026-05-03 11:35:00,,0xf3525965a4aD3ca0AC13f4D2F237113691194444,https://x.com/xiongmaotoubnb,evm,,,,unresolved_no_result
2026-05-31,f01e75e3efb349e7a0488e2a915098b7,GOBLIN,正常,2026-05-02 10:40:00,,3KHMZhpthXuiCcgfTv7vVu9PpEz64KAEURFwi6Lopump,https://x.com/GoblinCoinOnSol,solana,solana,solana,address_format,
2026-05-31,da6bea7f8b7a419d8b0c80016d19cd33,KUVI,正常,2026-05-01 22:00:00,https://www.kuvi.ai/,0xCCd6b38FffEeAb9c0Ac2413bCcf8b0ACed748881,https://x.com/kuvilabs,evm,,,,unresolved_no_result
2026-05-31,aa4618e5c2df4914a100a86ba1330a8b,ASSET,正常,2026-04-30 23:00:00,https://www.real.finance/,0x99E980265Bf36516C442be982df1772a6cCb3233,https://x.com/RealFinOfficial,evm,1,1,goplus_probe,goplus_symbol_match
2026-05-31,a6681a6a2ddf45348163410af43379a0,MEGA,正常,2026-04-30 18:20:00,https://www.megaeth.com/,0x28B7E77f82B25B95953825F1E3eA0E36c1c29861,https://x.com/megaeth,evm,,,,unresolved_no_result
2026-05-31,b2aab8fa63aa40b789a0d2d327b5be73,QONE,正常,2026-04-30 18:00:00,http://www.qonetoken.io/,0x4F9E014f620D83b08342C8BDFf3043fb2220b727,https://x.com/qlabsofficial,evm,,,,unresolved_no_result
2026-05-31,86e101bfc46e4b168d8d851c1b9d5638,SKYAI,正常,2026-04-30 11:00:00,https://skyai.pro,0x92aa03137385F18539301349dcfC9EbC923fFb10,https://twitter.com/SKYAIpro,evm,,,,unresolved_no_result
2026-05-31,2808499b31614171bea68f290e00f4c1,SPC,正常,2026-04-29 22:00:00,https://into.space/,2MU93nLHhDsHzgEYBKbVbwLDd2pi71ubGp8SkEv9dZwQ,https://x.com/intodotspace,solana,solana,solana,address_format,
2026-05-31,30940541215647d0b4000e21ee78109a,USDGO,正常,2026-04-29 18:00:00,https://www.usdgo.com/,72puLt71H93Z9CzHuBRTwFpL4TG3WZUhnoCC7p8gxigu,https://x.com/usdgo_official,solana,solana,solana,address_format,
2026-05-31,312800004c1c4150adbd56c9f61fbf0a,AI,正常,2026-04-29 17:02:00,https://gensyn.foundation/,0x4d7078DDd6cCFED2F85dB5B7D3Ff16828d378d48,https://twitter.com/gensynai,evm,1,1,goplus_probe,goplus_symbol_match
2026-05-31,8bc58c7176684ab9856727a287a642c1,ACN,正常,2026-04-29 16:00:00,https://aitech.io,0x3e76dd57E649A263a532cC9bcC58b32A065fB2a4,https://twitter.com/AITECHio,evm,1,1,goplus_probe,goplus_symbol_match
2026-05-31,86debc8bc31b409297165a927a3825da,PROS,正常,2026-04-28 21:00:00,https://www.pharos.xyz/,,https://twitter.com/pharos_network,missing,,,,
2026-05-31,f10676d999bc489896c9c712162fb554,STAY,正常,2026-04-27 19:00:00,https://www.staynex.vip/,0x30C0ef9361645ec56a7e640CD05ce6aBdFce8422,https://twitter.com/staynexcom,evm,56,56,goplus_probe,goplus_symbol_match
2026-05-31,f4bd9196c2e241fe803b68188ff9cde0,XRPHAI,正常,2026-04-27 18:00:00,https://xrphealthcare.ai,5852504841490000000000000000000000000000,https://x.com/XRPHealthcare,other,,,,
2026-05-31,e4c0cd4346304057aa3b1e03875f310a,NOCK,正常,2026-04-27 17:00:00,https://www.nockchain.org/,0x9B5E262cF9bb04869ab40b19AF91D2dc85761722,https://twitter.com/nockchain,evm,8453,8453,goplus_probe,goplus_symbol_match
2026-05-31,e9e2aba101064853b40f7f8d253f90dc,UPEG,正常,2026-04-26 12:30:00,,0x44b28991B167582F18BA0259e0173176ca125505,https://x.com/unipegv4,evm,1,1,goplus_probe,goplus_symbol_match
2026-05-31,84eedab25c324806957dc12f1bb12905,BLEND,正常,2026-04-24 21:08:00,https://www.fluent.xyz/,0xd8A271974E8EdAE9D7b58e3370dc1669427503F4,https://twitter.com/fluentxyz,evm,,,,unresolved_no_result
2026-05-31,e28e530e8df5425b949e24b6c2bedd93,UNGON,正常,2026-04-24 20:00:00,https://app.ondo.finance/assets/ungon,0x7C488cFc874Ca9F34e7bdBd0410C27CE6d6af5f9,https://twitter.com/ondofinance,evm,,,,missing_chain_id
2026-05-31,4b8a69a6682047e590d8607cbc218998,SOXXON,正常,2026-04-24 20:00:00,https://app.ondo.finance/assets/soxxon,0x1fE2126bC05E4BB0468C4a198e930c889e1054a3,https://twitter.com/ondofinance,evm,,,,missing_chain_id
2026-05-31,b8e63ef3e2e044688fdb58791b65d475,QBTSON,正常,2026-04-24 20:00:00,https://app.ondo.finance/assets/qbtson,0x3807562A482B824C08A564DFefcc471806d3E00a,https://twitter.com/ondofinance,evm,,,,missing_chain_id
2026-05-31,aa63453ff3ed43bb8a2ccf6246b10127,ASTEROID1,正常,2026-04-24 10:10:00,https://asteroideth.site/,0xAFF2565091E7207191dBe340B8528D02FA78d044,https://twitter.com/AsteroidCoinOG,evm,,,,missing_chain_id
2026-05-31,36f6a240d59e4df59f654b690f9cd279,KAG,正常,2026-04-23 20:00:00,https://kmslabs.money/,0x56Ba8B58B7d1f6d384A1C4dD553F39ebc8741B8e,https://x.com/KinesisMonetary,evm,,,,missing_chain_id
2026-05-31,7dc5f984be41456fbb370c0b7e7fc2db,XNT,正常,2026-04-22 20:00:00,https://neptune.io,,https://x.com/neptuneprivacy,missing,,,,
2026-05-31,6a7262c3f4d04b21a268d1bb1e2bc39a,MAGA,正常,2026-04-22 16:00:00,,Hon2rHAiqkcDtUzL5gA2vjXPr7T1MPCK2UT2AHKCpump,https://x.com/MAGA_Aliens,solana,solana,solana,address_format,
2026-05-31,9a2565d5173547018ec1955902780571,ZOOM,正常,2026-04-22 13:00:00,https://www.coinzoom.com/,0x69cf3091C91EB72DB05E45C76e58225177dEA742,https://twitter.com/getcoinzoom,evm,,,,missing_chain_id
2026-05-31,5ca445694945489d9ddc5baa8f54ee74,FLORK,正常,2026-04-22 10:20:00,,0xcE82213C4bAE42e1c04880EA64A53eEf73E195dE,https://x.com/FlorkEthOG,evm,,,,missing_chain_id
2026-05-31,317d9653abb349f0a959208b9d21f520,CHIP,正常,2026-04-21 20:20:00,https://usd.ai/,0x0C1c1C109FE34733fca54b82d7B46B75CFb71F6e,https://x.com/USDai_Official,evm,,,,missing_chain_id
2026-05-31,299be128dcd949a5ba632e18b056663f,OPG,正常,2026-04-21 20:00:00,https://www.opengradient.ai/,0xFbC2051AE2265686a469421b2C5A2D5462FbF5eB,https://twitter.com/opengradient,evm,,,,missing_chain_id
2026-05-31,d5f3378877984a1b81f06914dc6265ac,NAT,正常,2026-04-21 15:30:00,https://natgmi.com/,0x249130F5E2dD4CF278180c0dF8273f3592Ad1247,https://x.com/natgmi,evm,,,,missing_chain_id
2026-05-31,d1b3522b67cd49f089e085970b307437,RWS,正常,2026-04-20 22:00:00,,0xa226dFdD0E2168676bA13889e93c07cE3A0b4e37,,evm,,,,missing_chain_id
2026-05-31,0ab8451c63f8484fb79db879bffadfd1,PEACE,正常,2026-04-19 12:20:00,https://peacefrog.earth/,HcbsqQC3sn2LMwbjVafiEd8nJ2ATZHH2wXH4xqV2pump,https://x.com/peacefrogorigin,solana,solana,solana,address_format,
2026-05-31,8c606299ebce4c11901631846186c415,哈基米,正常,2026-04-18 17:25:00,,0x82Ec31D69b3c289E541b50E30681FD1ACAd24444,https://twitter.com/hajimi_CTO_BNB,evm,,,,missing_chain_id
2026-05-31,b27eef9a14c34a4b97a38f96952beec5,MOGU,正常,2026-04-18 16:00:00,,0x732Ef17BeCED8655a5026e7D51CFf0773774B950,https://x.com/abstractmogu,evm,,,,missing_chain_id
2026-05-31,6190fc8562c3460fb5112bb102fcef07,ASTEROID,正常,2026-04-17 21:00:00,,0xf280B16EF293D8e534e370794ef26bF312694126,https://x.com/Asteroidcto,evm,,,,missing_chain_id
2026-05-31,3d01ad49617c4eb291518833a2a5c27d,EMBLEM,正常,2026-04-16 23:00:00,https://emblemvault.ai/,6HHzBVkxtoz86Bjy2duaUw77hVfJzQkuoLizWeEMBLEM,https://x.com/EmblemVault,solana,solana,solana,address_format,
2026-05-31,a225026aeabc4b599e74e2d61da96e13,DIEM,正常,2026-04-16 17:00:00,https://venice.ai/token,0xF4d97F2da56e8c3098f3a8D538DB630A2606a024,https://twitter.com/AskVenice,evm,,,,missing_chain_id
2026-05-31,a3b6e3d5e628423fb6c71098fe497620,IWNON,正常,2026-04-15 20:00:00,https://app.ondo.finance/assets/iwnon,0x9DCf7f739B8C0270E2FC0Cc8D0DaBe355a150dBa,https://twitter.com/ondofinance,evm,,,,missing_chain_id
2026-05-31,795033e2159f4c46a58bb428023274ab,IWFON,正常,2026-04-15 20:00:00,https://app.ondo.finance/assets/iwfon,0x8d05432C2786e3F93f1a9A62b9572DBf54f3ea06,https://twitter.com/ondofinance,evm,,,,missing_chain_id
2026-05-31,3968bb5b967b4c24ac6e0ecb35922bd8,ITAON,正常,2026-04-15 20:00:00,https://app.ondo.finance/assets/itaon,0x68622855dcf14ced1B0Cc2A69cc34843708e2E0f,https://twitter.com/ondofinance,evm,,,,missing_chain_id
2026-05-31,a4cb196035484f87bdd5e8529d823ce2,WFCON,正常,2026-04-15 20:00:00,https://app.ondo.finance/assets/wfcon,0x4AD2118Da8a65eaa81402A3d583FEF6eE76BDf3F,https://twitter.com/ondofinance,evm,,,,missing_chain_id
2026-05-31,6ee3c1e00aa0471b876bc4ebb61803ec,ST,正常,2026-04-15 18:05:00,https://www.sentio.xyz/,0x70BE40667385500c5da7f108a022E21B606045DD,https://twitter.com/sentioxyz,evm,,,,missing_chain_id
2026-05-31,f5707b209aee44df933fe4461e6b1c73,UNC,正常,2026-04-15 12:50:00,,ACtfUWtgvaXrQGNMiohTusi5jcx5RJf5zwu9aAxkpump,,solana,solana,solana,address_format,
2026-05-31,4d6de9dfac9f4fd484533223d473d305,BELIEF,正常,2026-04-14 12:00:00,,29CWsqH84TykHDDwA6DtETUtXQPuKbVgKCmxtkBsbrrr,https://x.com/BeliefOnPrintr,solana,solana,solana,address_format,
2026-05-31,87ccc4b6cd544a1794b2226f225fa424,GENIUS,正常,2026-04-13 23:00:00,https://www.tradegenius.com/home,0x1F12B85aAC097E43Aa1555b2881E98a51090e9A6,https://twitter.com/GeniusTerminal,evm,,,,missing_chain_id
2026-05-31,52b99f9141ec4522a55dc9eda52ab849,OFC,正常,2026-04-09 18:00:00,https://club.onefootball.com/,0x752C5a95d202972E124390F30a50154409d3c858,https://twitter.com/ofc_the_club,evm,,,,missing_chain_id
2026-05-31,2bb0a7e860844de1b305d0cdb8f05962,USDS,正常,2026-04-09 16:00:00,https://sky.money/,0xdC035D45d973E3EC169d2276DDab16f1e407384F,https://twitter.com/SkyEcosystem,evm,,,,missing_chain_id
2026-05-31,146416ed93864e0b8f3fb4a1f7abd75e,共建,正常,2026-04-08 23:20:00,,0xB2aCF3AE051c7F0B0b8DE90CbB4eD99312574444,https://x.com/codesvanta,evm,,,,missing_chain_id
2026-05-31,b2b000c3219147b1806e84dfc9e1b1d3,INDAON,正常,2026-04-08 21:00:00,https://app.ondo.finance/assets/indaon,0xa6CdB19b22B03e03EA89e133A8a46aDc3017aa6d,https://twitter.com/ondofinance,evm,,,,missing_chain_id
2026-05-31,89190e5c869d41db94821fbbe5bb0270,EFAON,正常,2026-04-08 21:00:00,https://app.ondo.finance/assets/efaon,0x4111b60bc87F2Bd1e81E783E271D7F0ec6EE088B,https://twitter.com/ondofinance,evm,,,,missing_chain_id
2026-05-31,07333ede100a4b50812b33d6d81965e0,GPAD,正常,2026-04-08 20:00:00,https://gamepad.co,0x016d7E079740a407d6AB3Bb43066DfcBA41915e8,https://x.com/GamePad_co,evm,,,,missing_chain_id
2026-05-31,258387bd36324818870e069ba4b0b82c,ETNON,正常,2026-04-08 20:00:00,https://app.ondo.finance/assets/etnon,0x9b56f5ED5A94Ae3266b7FF21953e6626F94008F1,https://twitter.com/ondofinance,evm,,,,missing_chain_id
2026-05-31,1a7156b6693b4aa5a6224acc8faf3cf9,EEMON,正常,2026-04-08 20:00:00,https://app.ondo.finance/assets/eemon,0x77A1a02e4a888ADA8620b93C30dE8a41E621126c,https://twitter.com/ondofinance,evm,,,,missing_chain_id
2026-05-31,400ba15d84254b62a0b04a4d5ac4e06d,BULL,正常,2026-04-08 10:20:00,,3TYgKwkE2Y3rxdw9osLRSpxpXmSC1C1oo19W9KHspump,https://x.com/bullthemarket,solana,solana,solana,address_format,
2026-05-31,767b944d405644dcbceb9095787da883,IONQON,正常,2026-04-06 20:00:00,https://app.ondo.finance/assets/ionqon,0x2F2e4b09B99fbf018F600e031aAfD9Da6347Cc75,https://twitter.com/ondofinance,evm,,,,missing_chain_id
2026-05-31,325a7815d2a34734a7f2661d5c71bf21,RGTION,正常,2026-04-06 20:00:00,https://app.ondo.finance/assets/RGTIon,0xfDFDf5db2F4A72cb754FfA8896EA012dC2cc0F5e,https://twitter.com/ondofinance,evm,,,,missing_chain_id
2026-05-31,41aa80f3afbe44d19e3be20844d60ae2,PLUGON,正常,2026-04-02 20:00:00,https://app.ondo.finance/assets/PLUGon,0xe7ee911172bDD557B9Ab6Be7701F86BBc8FD772E,https://twitter.com/ondofinance,evm,,,,missing_chain_id
2026-05-31,c96f81890aef468eb8d546602fecc3a2,EWYON,正常,2026-04-02 20:00:00,https://app.ondo.finance/assets/ewyon,0xbd660e96D45e7C175512d1ed0cCc119Cb980b81a,https://twitter.com/ondofinance,evm,,,,missing_chain_id
2026-05-31,62cfcc3865984cf9aca053452e6d5cd8,EWJON,正常,2026-04-02 20:00:00,https://app.ondo.finance/assets/ewjon,0x625Fb557cAD6D4638dae420626F3F08A485b43a8,https://twitter.com/ondofinance,evm,,,,missing_chain_id
2026-05-31,91b2607ec59c45f09b3973ea36fb6272,U,正常,2026-04-02 18:00:00,https://u.tech,0xcE24439F2D9C6a2289F741120FE202248B666666,https://twitter.com/UTechStables,evm,,,,missing_chain_id
2026-05-31,b8816987d6024b6d880839e62fe650c9,PUMPCADE,正常,2026-04-02 13:45:00,https://cade.market/,Eg2ymQ2aQqjMcibnmTt8erC6Tvk9PVpJZCxvVPJz2agu,https://twitter.com/pumpcade,solana,solana,solana,address_format,
2026-05-31,3f4e97b50cfd4dc0b723feb58902ad32,MEZO,正常,2026-04-01 21:35:00,https://mezo.org,0x7B7c000000000000000000000000000000000001,https://twitter.com/MezoNetwork,evm,,,,missing_chain_id
2026-05-31,19f8fa0e1c8348cf9155c7532315f467,ADI,正常,2026-04-01 18:00:00,https://token.adi.foundation/,,https://twitter.com/ADIChain_,missing,,,,
2026-05-31,734d4d76907f4364bd79b1e70b5e326d,QFI,正常,2026-04-01 15:00:00,,TMVnKncD9NhAYEPoR6EutBrAKi8x6oZdR6,,solana,solana,solana,address_format,
2026-05-31,2343603915204f0080da327bbc030dd5,MEEP,正常,2026-03-31 23:00:00,https://meprotocol.io,0x12e9ce4d7334cAa5502417713f8A94433712E989,https://x.com/MeProtocol,evm,,,,missing_chain_id
2026-05-31,8099ffbf1352417da23c9b0d67b0181a,EDGE,正常,2026-03-31 20:30:00,https://pro.edgex.exchange/en-US/home,0xB0076DE78Dc50581770BBa1D211dDc0aD4F2a241,https://x.com/edgeX_exchange,evm,,,,missing_chain_id
2026-05-31,da8692462c314996a795d9e740bfbba5,PPLTON,正常,2026-03-31 20:00:00,https://app.ondo.finance/assets/pplton,0xf1883461Ec7BD883A3668749c5CF5f351080d059,https://twitter.com/ondofinance,evm,,,,missing_chain_id
2026-05-31,5625e8c6ad2e4a0db43c8945ee3a7f64,FLQLON,正常,2026-03-31 20:00:00,https://app.ondo.finance/assets/flqlon,0xC53D2e7321aB83B28aF2360559Aa303676a23f98,https://twitter.com/ondofinance,evm,,,,missing_chain_id
2026-05-31,3388345fd3704c8ebef48a5bc581cf0c,URAON,正常,2026-03-31 20:00:00,https://ondo.finance/global-markets,0xf98Ec282300892b3518B5cB996012b18d9B7D435,https://x.com/OndoFinance,evm,,,,missing_chain_id
2026-05-31,7e4a1123254340d488a8a5b84021d86f,WL,正常,2026-03-31 18:00:00,https://worldland.foundation/,0x8aaB31fbc69C92fa53f600910Cf0f215531F8239,https://twitter.com/WorldLand_space,evm,,,,missing_chain_id
2026-05-31,54676bed49ee4561941615323e3b45d8,REGNON,正常,2026-03-30 22:00:00,https://app.ondo.finance/assets/regnon,0x33aC34DA58168De69cE74a66fbaD81a88F974BD5,https://twitter.com/ondofinance,evm,,,,missing_chain_id
2026-05-31,68244c10bfbd4115acc4cffc5f31cba4,RDWON,正常,2026-03-30 22:00:00,https://app.ondo.finance/assets/rdwon,0x3a16aF9Ef328D087cc781053A2a2a27549aE6768,https://twitter.com/ondofinance,evm,,,,missing_chain_id
2026-05-31,6d6c728bc22c4fe7866895fd35ded5e0,ALBON,正常,2026-03-30 22:00:00,https://app.ondo.finance/assets/albon,0x1b468d5535Ed7C19Ce42f0073db7Fdf441028131,https://twitter.com/ondofinance,evm,,,,missing_chain_id
2026-05-31,1a5a22f611684a838007755210232ec9,SCCOON,正常,2026-03-30 22:00:00,https://app.ondo.finance/assets/sccoon,0xdA81DA76070a7377eAEEB2978F0E13C5d57FaDb7,https://twitter.com/ondofinance,evm,,,,missing_chain_id
2026-05-31,f128552d345e4f7f96d653d125afdda3,NOCON,正常,2026-03-30 21:00:00,https://app.ondo.finance/assets/nocon,0x8Ce34F749796F82A6990fFa2d80622ef75CA7aD5,https://twitter.com/ondofinance,evm,,,,missing_chain_id
2026-05-31,872e974d4d40450789c4322b86b10131,LUNRON,正常,2026-03-30 21:00:00,https://app.ondo.finance/assets/lunron,0x58a2EDF0169eDE82904e47a0E2a3a4008eDebB60,https://twitter.com/ondofinance,evm,,,,missing_chain_id
2026-05-31,303f9561e5e545dba960527f8899345f,WMON,正常,2026-03-30 21:00:00,https://app.ondo.finance/assets/wmon,0x1fb5a8DCd70bE750a97Eaf8a47bBe74Ab7d3183e,https://twitter.com/ondofinance,evm,,,,missing_chain_id
2026-05-31,a620ab3f55764ca88b09daeecf8658da,SBUXON,正常,2026-03-30 20:00:00,https://app.ondo.finance/assets/sbuxon,0xf15FbC1349ab99ABAd63db3f9A510BF413bE3BeF,https://twitter.com/ondofinance,evm,,,,missing_chain_id
2026-05-31,c8b9aba40d3b4393b6cf05819fe0372e,VSTON,正常,2026-03-30 20:00:00,https://app.ondo.finance/assets/VSTon,0xf1573EdDDB75BF7Ce165f142A17Ed6b5E7f5aA13,https://twitter.com/ondofinance,evm,,,,missing_chain_id
2026-05-31,1cb008ce2be64542b2616c9e84b722f6,VRTXON,正常,2026-03-30 20:00:00,https://app.ondo.finance/assets/vrtxon,0xFC003a764a7B5054Cc6fDb6b511F35deC8022751,https://twitter.com/ondofinance,evm,,,,missing_chain_id
2026-05-31,a8dd7e977ae04f52aeca367fb749a8fc,R2,正常,2026-03-30 18:03:00,https://www.r2.money/,0x223A20E1B83AA3832E78D4B7B132dF022e739222,https://twitter.com/r2yield,evm,,,,missing_chain_id
2026-05-31,94f350ef16024478a833113001de03c2,PIRATE,正常,2026-03-30 18:00:00,https://piratenation.game/,0x7613C48E0cd50E42dD9Bf0f6c235063145f6f8DC,https://twitter.com/PirateNationFDN,evm,,,,missing_chain_id
2026-05-31,7d17a843559b4b7586b03f39efeafe1f,BASED,正常,2026-03-30 16:05:00,https://based.one/,0x4f2b33840227DDD0e28da8d4185D6fa07ADfed87,https://twitter.com/BasedOneX,evm,,,,missing_chain_id
2026-05-31,1f2c3734375a4e0ea83e38991cce4812,P2P,正常,2026-03-29 18:00:00,http://sentinel.co/,,https://x.com/SentinelP2P,missing,,,,
2026-05-31,1a2c2ade8f6b4dd19bf3c845521b281c,ASR,正常,2026-03-29 16:45:00,https://www.socios.com/asroma/,0x0Ac7bf9783CA1dcd86A39B5a2607160D29256EB0,https://twitter.com/FanTokens,evm,,,,missing_chain_id
2026-05-31,3c20ce0e9dbf4f3880619c4474f64df8,ATM,正常,2026-03-29 16:40:00,https://www.socios.com/atletico-de-madrid/,0x7da0eB973D982FFcA095E80437F5e37459a95C67,https://twitter.com/socios,evm,,,,missing_chain_id
2026-05-31,180ca660785c4e8881ba7367cfe25842,AMGNON,正常,2026-03-27 22:00:00,https://app.ondo.finance/assets/AMGNon,0x1c5FA55eAdE69ae98571059332520F73733C2D82,https://twitter.com/ondofinance,evm,,,,missing_chain_id
2026-05-31,c37184e6f9e645a88f1b9cb542b8a8bb,ADION,正常,2026-03-27 22:00:00,https://app.ondo.finance/assets/ADIon,0x2dDc2391CC89E3e716A938F089AE755174cfDf1f,https://twitter.com/ondofinance,evm,,,,missing_chain_id
2026-05-31,b77f92856efc47b284013c600369babc,COFON,正常,2026-03-27 22:00:00,https://app.ondo.finance/assets/COFon,0x3D07c3161F355Cb9E5B524beF8d113c96e0263AB,https://twitter.com/ondofinance,evm,,,,missing_chain_id
2026-05-31,e3928bd845be48e8bff75a3bbf0f137f,AXPON,正常,2026-03-27 22:00:00,https://app.ondo.finance/assets/axpon,0x2Bc7Ff0C5dA9F1a4A51F96e77C5b0F7165DC06d2,https://twitter.com/ondofinance,evm,,,,missing_chain_id
2026-05-31,83bcc76e91b14712865644a58adf0507,TXNON,正常,2026-03-27 21:00:00,https://app.ondo.finance/assets/TXNon,0x58fC9d573Ea773ef9a25c3DE66F990B87Ee5f50E,https://twitter.com/ondofinance,evm,,,,missing_chain_id
2026-05-31,84020985d5c843b99fc272aeb7eb5130,UNPON,正常,2026-03-27 21:00:00,https://app.ondo.finance/assets/unpon,0x39930751d4569F7DD45d1bA46E82CD3680EC2e0a,https://twitter.com/ondofinance,evm,,,,missing_chain_id
2026-05-31,5c33fe516963460f8402bceec24cb563,STXON,正常,2026-03-27 21:00:00,https://app.ondo.finance/assets/stxon,0xB53894f82a6B2d3B7365f24932B5bDE1c5Fb51FF,https://twitter.com/ondofinance,evm,,,,missing_chain_id
2026-05-31,854350541dab474eb6aba7620bec3530,FCXON,正常,2026-03-27 20:00:00,https://app.ondo.finance/assets/fcxon,0xeb08d539Be0f6a6C90eA24276196E348f5688A02,https://twitter.com/ondofinance,evm,,,,missing_chain_id
2026-05-31,fac3e9f4681d48b2976ef4adb5b22af4,ASTSON,正常,2026-03-27 20:00:00,https://app.ondo.finance/assets/astson,0x0D1fa4E1E3719945899Ef7b02840627Df46aF44A,https://twitter.com/ondofinance,evm,,,,missing_chain_id
2026-05-31,c2480fa343484dbd98d70dce59d92b60,NEMON,正常,2026-03-27 20:00:00,https://app.ondo.finance/assets/nemon,0x0C802aCB21Cb2AadB2EB5E5090868E1361B26B69,https://twitter.com/ondofinance,evm,,,,missing_chain_id
2026-05-31,cae707b4ce164288a5ebebb9ef12db9c,ZSWAP,正常,2026-03-27 18:00:00,https://www.zygoswap.io/swap,0x2e44aB95549b8a12AFDB970bde5A6a78365e4444,https://twitter.com/ZSWAP_DEX,evm,,,,missing_chain_id
2026-05-31,650f4ee14b0e4f309c3ca2611c7cdae9,ESTV,正常,2026-03-26 18:00:00,https://estvlabs.com/,6U6sCBJE7U2bnSPrEic1zNmpruWSnhHaSAiCa7o61VEd,https://x.com/estvesportstv?s=11&t=oWPQxrWxczRG8Oj1YgjqCg,solana,solana,solana,address_format,
2026-05-31,f4a656b19b9a4ba0ae580d24b9c9ba9d,HANDL,正常,2026-03-25 21:00:00,https://www.handlpay.com/,0x3BBCb624CB9A1f73163A886F460f47603E5E4425,https://x.com/HandlPay,evm,,,,missing_chain_id
2026-05-31,6de5fde674d84a44b6e7f74dec745dde,PRL,正常,2026-03-25 19:00:00,https://perle.xyz/,PERLEQKUNUp1dgFZ8EvyXHdN9d6ZQqfGxALDvfs6pDs,https://x.com/PerleLabs,solana,solana,solana,address_format,
2026-05-31,79243f59140d488885a234c3ba0d38ff,AKITA,正常,2026-03-24 18:00:00,https://akita.network/,0x7deF4573628021500c3207994935a51801fB56bE,https://twitter.com/AKITA_network,evm,,,,missing_chain_id
2026-05-31,91dc84b761f94cffa502a4469561b85b,CPNGON,正常,2026-03-23 22:00:00,https://app.ondo.finance/assets/CPNGon,0xFA9f0Bf8baa9A3D5E0a8E5c0AeAF186ACaBef63D,https://twitter.com/ondofinance,evm,,,,missing_chain_id
2026-05-31,62269aede6a141b2aca356189c952f52,ENPHON,正常,2026-03-23 22:00:00,https://ondo.finance/global-markets,0x4F3B49aC895a29c0908c57538932967Cdc8e3c80,https://x.com/OndoFinance,evm,,,,missing_chain_id
2026-05-31,9ffffc0a722c4d33bc1b0f5d47629848,CRWVON,正常,2026-03-23 22:00:00,https://ondo.finance/global-markets,0x66908813cd7676269494B2c6F6DBAB8B4f9E95df,https://x.com/OndoFinance,evm,,,,missing_chain_id
2026-05-31,84ea10fa2e59435fb6485523c274e09a,PFEON,正常,2026-03-23 21:00:00,https://app.ondo.finance/assets/pfeon,0x06954faa913fA14c28Eb1b2e459594F22f33f3dE,https://twitter.com/ondofinance,evm,,,,missing_chain_id
2026-05-31,e7a7ccb187e94b3b8a839a758c8f4840,GEVON,正常,2026-03-23 21:00:00,https://ondo.finance/global-markets,0xA043FDc5A6E2E381e3532d5A97404b82fb7A0af8,https://x.com/OndoFinance,evm,,,,missing_chain_id
2026-05-31,0c56d38ccef74a5fb73e5bcb97588dd3,COHRON,正常,2026-03-23 21:00:00,https://ondo.finance/global-markets,0x2B7727076B9C9B1834a2f95B81f12EEdD30db9f1,https://x.com/OndoFinance,evm,,,,missing_chain_id
2026-05-31,8b9ef870f4de4d58a7bb0a7f24386bcf,BP,正常,2026-03-23 20:45:00,https://backpack.exchange,BPxxfRCXkUVhig4HS1Lh7kZqV6SPJhzfEk4x6fVBjPCy,https://twitter.com/Backpack,solana,solana,solana,address_format,
2026-05-31,fecdffbeb35d43b6a19c33dc87cc29ac,WDCON,正常,2026-03-23 20:00:00,https://ondo.finance/global-markets,0x44e89d34601b8D0155e16634d2553EF7F54DBab2,https://x.com/OndoFinance,evm,,,,missing_chain_id
2026-05-31,7f29dc44b2134f42b809329ec0e970f8,RKLBON,正常,2026-03-23 20:00:00,https://ondo.finance/global-markets,0x36E3b8d9aAd0e51aC08E56a75A8f6005bF68535B,https://x.com/OndoFinance,evm,,,,missing_chain_id
2026-05-31,0d0c879095f54de682045d247733fd62,NBISON,正常,2026-03-23 20:00:00,https://ondo.finance/global-markets,0xE4babaa960bA7D37860f3fe00D7b95D3868e8EDc,https://x.com/OndoFinance,evm,,,,missing_chain_id
2026-05-31,1ea9587bdcf74a19992a9cdb93d95b8c,LOL,正常,2026-03-23 11:10:00,,34q2KmCvapecJgR6ZrtbCTrzZVtkt3a5mHEA3TuEsWYb,https://twitter.com/lolonsollol,solana,solana,solana,address_format,
2026-05-31,7e30e7aa075b4004a47aa31e4c0a6d9e,SIREN,正常,2026-03-23 10:05:00,https://www.sirenai.me,0x997A58129890bBdA032231A52eD1ddC845fc18e1,https://twitter.com/genius_sirenBSC,evm,,,,missing_chain_id
2026-05-31,abdeca3490d04d64a0d20fe0f8857d8f,IVVON,正常,2026-03-20 22:00:00,https://app.ondo.finance/assets/ivvon,0x62cA254a363dc3c748e7E955c20447aB5bF06fF7,https://twitter.com/ondofinance,evm,,,,missing_chain_id
2026-05-31,cf463652de5b48dc91d0bafb20ce7c49,SNDKON,正常,2026-03-20 22:00:00,https://app.ondo.finance/assets/sndkon,0x71E2400CF1Cb83204f33794eD326636A71a9AAfC,https://twitter.com/ondofinance,evm,,,,missing_chain_id
2026-05-31,6790c48503bd4c0a842c8812880e5ccf,RH,正常,2026-03-20 22:00:00,https://www.red-horse.net/,A3rk5gtQ2S24Fhz8Ctfhjj2bDgK1SZF7fXvbH1Jty5Bp,https://x.com/Redhorse_DAO,solana,solana,solana,address_format,
2026-05-31,e8d2ad67a11c465cb4c2edc8d2b2ef0f,IWMON,正常,2026-03-20 22:00:00,https://app.ondo.finance/assets/iwmon,0x070D79021dD7e841123cB0CF554993bF683c511D,https://twitter.com/ondofinance,evm,,,,missing_chain_id
2026-05-31,75075ab695b849cea6101e96f69c238c,ITOTON,正常,2026-03-20 22:00:00,https://app.ondo.finance/assets/itoton,0x0692481C369E2BDc728A69ae31b848343a4567Be,https://twitter.com/ondofinance,evm,,,,missing_chain_id
2026-05-31,1ef5d224b38340d38b7afbb19f31bc9e,TMOON,正常,2026-03-20 21:00:00,https://app.ondo.finance/assets/TMOon,0x60808f2a0d035e16F57e9043842BD1BFBda24fA2,https://twitter.com/ondofinance,evm,,,,missing_chain_id
2026-05-31,cd985d6d548440b3acfcf6adde262b72,PGON,正常,2026-03-20 21:00:00,https://app.ondo.finance/assets/pgon,0x339ce23a355ed6D513DD3e1462975C4eCD86823a,https://twitter.com/ondofinance,evm,,,,missing_chain_id
2026-05-31,9c18c13bf1694b068fe60fb5ebf5b924,SPGION,正常,2026-03-20 21:00:00,https://app.ondo.finance/assets/spgion,0xbc843b147DB4C7E00721d76037b8b92e13AfE13f,https://twitter.com/ondofinance,evm,,,,missing_chain_id
2026-05-31,2332923d38644aeba1301ce654981077,EQIXON,正常,2026-03-20 20:00:00,https://app.ondo.finance/assets/eqixon,0x73d2ccEE12C120E7DA265a2dE9d9f952a0101b4f,https://twitter.com/ondofinance,evm,,,,missing_chain_id
2026-05-31,8fb51815d4da40c186731caaf87adc27,TMUSON,正常,2026-03-20 20:00:00,https://app.ondo.finance/assets/TMUSon,0xdEb3C23f93349229823A006657CfE1a6552B6340,https://twitter.com/ondofinance,evm,,,,missing_chain_id
2026-05-31,02f25dce0f5f4f2f96e1abafdad3d8e6,DISON,正常,2026-03-20 20:00:00,https://app.ondo.finance/assets/dison,0xc3D93B45249E8E06cfeB01d25A96337E8893265d,https://twitter.com/ondofinance,evm,,,,missing_chain_id
2026-05-31,5581af72fcb74b91b67cd2b921bb3dbd,DIME,正常,2026-03-18 22:00:00,https://paradex.trade/,0xb32E10022FFBeDfE10bc818a1C7e67D9d87e0fa7,https://twitter.com/paradex,evm,,,,missing_chain_id
2026-05-31,1da3c75bd3274ae693b3aafc4cc71b06,GCOIN,正常,2026-03-18 21:00:00,https://playnance.com/,0xC3B539972C522d883aaA904aAAdcfE69A2d9F26B,https://twitter.com/Playnance_,evm,,,,missing_chain_id
2026-05-31,94d416c3919e4b61a5519ec95b010a72,KAT,正常,2026-03-18 20:05:00,https://katana.network,0x7F1f4b4b29f5058fA32CC7a97141b8D7e5ABDC2d,https://twitter.com/katana,evm,,,,missing_chain_id
2026-05-31,2b55d911b8904c069ff26421b43d80c4,GWC,正常,2026-03-18 12:00:00,https://greentpay.com,0x58f02e4Cbc8eCDd65f7bD257DBb637Eb5E603d88,https://x.com/greentpay,evm,,,,missing_chain_id
2026-05-31,4339d4310d5b4ca793bf7f100d8813ed,UP,正常,2026-03-13 18:03:00,http://www.unitas.so/,0x000008D2175F9AEAdDb2430c26f8A6f73c5A0000,https://x.com/UnitasLabs,evm,,,,missing_chain_id
2026-05-31,ddd6943caa8a4b9b97b496bc0d5b9bd2,ION,正常,2026-03-13 18:00:00,https://ice.io,0xE1ab61f7b093435204dF32F5b3A405de55445Ea8,https://x.com/ice_blockchain,evm,,,,missing_chain_id
2026-05-31,48efd64e39e54686b2f1df573624631e,FORU,正常,2026-03-12 20:00:00,https://foruai.io,0x529EDc4CD7D7FF773837Ce0FF5492d1Fd2d0eafd,https://twitter.com/4uaicrypto,evm,,,,missing_chain_id
2026-05-31,84de186df5d24cccae3b5b2153bf09b2,SN3,正常,2026-03-11 16:00:00,https://www.nebula3gamefi.com,0xf758cfB1467a227516d73d87DA7D36e7Cb6F71f1,https://x.com/Nebula3_GameFi,evm,,,,missing_chain_id
2026-05-31,01da4360ab31438f98496af2221e168f,AIXPLAY,正常,2026-03-09 23:00:00,https://play.aixovia.com/,AiX5GQb4YdYTHPbnnJLiRmBYwvAquPV7PiPKPzRvg4Hu,https://x.com/AiXovia,solana,solana,solana,address_format,
2026-05-31,7187cf68e07143bd8a6b2faeae53552f,NEXI,正常,2026-03-09 19:00:00,https://www.nexira.ai,0xE3872dD4ebA50598C54b2Aa21b04c71Fc37b000B,https://x.com/NexiraDAEP,evm,,,,missing_chain_id
2026-05-31,b626bde77f974e8291e1774a78fa429e,SYMM,正常,2026-03-07 18:00:00,https://www.symverse.org/,,https://twitter.com/symverse_,missing,,,,
2026-05-31,f619091f40a84d8fb3b4e804ded0e922,TX,正常,2026-03-06 22:00:00,https://tx.org/,434F524500000000000000000000000000000000,https://twitter.com/txEcosystem,other,,,,
2026-05-31,230a8e8048fa4234b7c2657817f77392,GF,正常,2026-03-06 20:00:00,https://goldfinger.finance/,0x6Db461da03b8Ad06319fF2aF985E1C8dFcC004e0,https://x.com/GoldFingerRWA,evm,,,,missing_chain_id
2026-05-31,a231cf0c6dfb4d2bbbd50c8080a14eb9,IDOS,正常,2026-03-05 22:00:00,https://www.idos.network,0x68731d6F14B827bBCfFbEBb62b19Daa18de1d79c,https://twitter.com/idOS_network,evm,,,,missing_chain_id
2026-05-31,8610ef8436fd453c90a64825dcbe139b,OPN,正常,2026-03-05 19:03:00,https://opinion.foundation/,0x7977BF3e7e0c954D12cdcA3E013ADAf57E0B06E0,https://twitter.com/opinionlabsxyz,evm,,,,missing_chain_id
2026-05-31,097027b5ecdf4207aae4f5a9fe98f6b3,MANTRA,正常,2026-03-05 12:00:00,https://www.mantrachain.io,,https://twitter.com/MANTRA_Chain,missing,,,,
2026-05-31,930b8adf4c0d44c990461f01287af2ef,OXYON,正常,2026-03-04 21:00:00,https://app.ondo.finance/assets/OXYon,0xeedC48205852E9D83Ea5cA92fa8656597788601f,https://twitter.com/ondofinance,evm,,,,missing_chain_id
2026-05-31,4a1f1cfe68bb478ea55f2da3140d8e76,ACHRON,正常,2026-03-04 21:00:00,https://app.ondo.finance/assets/ACHRon,0x9cFA08002d606e638Fe91941bE725e1b970B84a6,https://twitter.com/ondofinance,evm,,,,missing_chain_id
2026-05-31,b19dcfd24f8d4523ae357303c798e202,ONDSON,正常,2026-03-04 21:00:00,https://app.ondo.finance/assets/ONDSon,0x818234860A647D480b9BBCC9a47A23889f2Ec900,https://twitter.com/ondofinance,evm,,,,missing_chain_id
2026-05-31,ab1314177d644b76b96ba01b64db9dba,COPON,正常,2026-03-04 21:00:00,https://app.ondo.finance/assets/COPon,0x8E6A5338eaC4B6fE8D51a7653Fad3B9DA755Eea6,https://twitter.com/ondofinance,evm,,,,missing_chain_id
2026-05-31,97dd37e8cec448cf9ae949de0d36997f,LMTON,正常,2026-03-04 20:00:00,https://app.ondo.finance/assets/lmton,0x691b126cF619707Ed5d16CaB1B27C000aa8De300,https://twitter.com/ondofinance,evm,,,,missing_chain_id
2026-05-31,71802f9b45c84068bce33c48c9d6b7af,RTXON,正常,2026-03-04 20:00:00,https://app.ondo.finance/assets/RTXon,0x67c5902F5210F62f37157cd9C735c693164c1378,https://twitter.com/ondofinance,evm,,,,missing_chain_id
2026-05-31,744e647315214e6e9d06329ca47d5d22,BBAION,正常,2026-03-04 20:00:00,https://app.ondo.finance/assets/BBAIon,0x1b8d3e59b31981385C066eE0916Ec964628ff1f9,https://twitter.com/ondofinance,evm,,,,missing_chain_id
2026-05-31,8cab602a3c614194a58c6108fd5451bb,BSB,正常,2026-03-04 18:03:00,https://blockstreet.money/,0x595dEaad1eB5476Ff1E649fDb7EFC36F1E4679cc,https://twitter.com/BlockSt_HQ,evm,,,,missing_chain_id
2026-05-31,eb5660857467476ebe58e47654d520e9,NUSD,正常,2026-03-03 19:00:00,https://neusd-coin.io/,0xEE0F5191832569499AE2CA07C65c07CEE5441ae7,https://x.com/ne_usd,evm,,,,missing_chain_id
2026-05-31,ed44bdf0390a43d6a84e74f8f04eb9b0,TRIPLET,正常,2026-03-03 18:25:00,,J8PSdNP3QewKq2Z1JJJFDMaqF7KcaiJhR7gbr5KZpump,,solana,solana,solana,address_format,
2026-05-31,bc4a5459b2d5417da7554c1d02fa87a4,BTW,正常,2026-03-02 16:03:00,https://bitway.com,0x444045B0EE1ee319A660a5E3d604CA0ffA35ACaA,https://twitter.com/bitwayofficial,evm,,,,missing_chain_id
2026-05-31,40b1dfd8ea7d4821b618b90996d135b5,龙虾,正常,2026-02-28 13:35:00,,0xeCCBb861c0dda7eFd964010085488B69317e4444,,evm,,,,missing_chain_id
2026-05-31,a6c731f330194b54b9ecec5c9c345e7c,FREEDOMOFMONEY,正常,2026-02-28 13:30:00,,0x3e17ee3B1895dD1A7CF993A89769C5e029584444,,evm,,,,missing_chain_id
2026-05-31,5ba548354eee4b75bb64ce77888ba381,ROBO,正常,2026-02-27 16:10:00,https://fabric.foundation/,0x32b4d049fE4c888D2b92eEcaf729F44DF6B1F36E,https://twitter.com/FabricFND,evm,,,,missing_chain_id
2026-05-31,c03880de251c4ba89ed1cd7db75cf2e0,NEET,正常,2026-02-27 12:10:00,,Ce2gx9KGXJ6C9Mp5b5x1sn9Mg87JwEbrQby4Zqo3pump,https://x.com/neet_sol,solana,solana,solana,address_format,
2026-05-31,71fd18715a5d4c9598cf147b13f3ef28,PACT,正常,2026-02-26 22:00:00,https://pact.foundation/,0xc546cc2dd26d9e9a4516b4514288bedf1085259fcb106b84b6469337f527fb92,https://x.com/pactfinance,other,,,,
2026-05-31,9acc372330da47fdaa66b623c1f2a343,FT,正常,2026-02-23 21:10:00,https://flyingtulip.com/,0x5DD1A7A369e8273371d2DBf9d83356057088082c,https://x.com/flyingtulip_,evm,,,,missing_chain_id
2026-05-31,5bc0a8ddd2ac44d78e35da6213aa8a78,CRTR,正常,2026-02-23 20:00:00,https://www.fandora.ai,0xb150e91Cb40909F47d45115eE9E90667D807464B,https://twitter.com/fandomcreator_,evm,,,,missing_chain_id
2026-05-31,6fa2492504a0402786de9a73fe120ee1,BINDER,正常,2026-02-21 21:00:00,https://binder.print.world/,BeFtLwLtS9Rva12KrHKRMY1H5WoeM1Y2ULMnNJKopump,https://x.com/binderprotocol,solana,solana,solana,address_format,
2026-05-31,577d823884d14896ba1818a2443c1108,LOBSTAR,正常,2026-02-21 12:10:00,,AVF9F4C4j8b1Kh4BmNHqybDaHgnZpJ7W7yLvL7hUpump,,solana,solana,solana,address_format,
2026-05-31,fae27991cf8644a9ac5fa070971295d5,PUNCH,正常,2026-02-15 10:35:00,,NV2RYH954cTJ3ckFUpvfqaQXU4ARqqDH3562nFSpump,,solana,solana,solana,address_format,
2026-05-31,acd3faac05af48f9acac639e32983c5e,PANWON,正常,2026-02-13 22:00:00,https://app.ondo.finance/assets/panwon,0x34bfdFF25F0fdA6d3ad0c33F1e06c0D40bD68885,https://twitter.com/ondofinance,evm,,,,missing_chain_id
2026-05-31,125d8a628ec84b42b714b6fbd1fa4b2e,CVXON,正常,2026-02-13 22:00:00,https://app.ondo.finance/assets/cvxon,0x8F3E41b378ae010c46d255F36bFC1D303b52dceb,https://twitter.com/ondofinance,evm,,,,missing_chain_id
2026-05-31,314df2dcc6f045f3a8eae086341d87e0,BLKON,正常,2026-02-13 22:00:00,https://app.ondo.finance/assets/blkon,0x7a0F89c1606f71499950AA2590d547c3975B728E,https://twitter.com/ondofinance,evm,,,,missing_chain_id
2026-05-31,abc0056625fa4308b3c3844d71eb0729,MELION,正常,2026-02-13 22:00:00,https://app.ondo.finance/assets/melion,0x2816169A49953C548BfEb3948dCF05c4A0E4657D,https://twitter.com/ondofinance,evm,,,,missing_chain_id
2026-05-31,2636431c60744a94b36564c577f26b45,INTUON,正常,2026-02-13 22:00:00,https://app.ondo.finance/assets/intuon,0x6cc0afD51CE4Cb6920B775F3D6376Ab82b9A93Bb,https://twitter.com/ondofinance,evm,,,,missing_chain_id
2026-05-31,7a165a9630964be8813a04ea73cb7f5f,KLACON,正常,2026-02-13 21:30:00,https://app.ondo.finance/assets/KLACon,0xa637ae510cB50E61236a89AC480B93B8c3bcCc46,https://twitter.com/ondofinance,evm,,,,missing_chain_id
2026-05-31,052049e4bbce44b8bda99a72cdd14b3f,ANETON,正常,2026-02-13 21:30:00,https://app.ondo.finance/assets/ANETon,0x20e113E9235dF6A2A9BFc6f244c2ccC380c8f546,https://twitter.com/ondofinance,evm,,,,missing_chain_id
2026-05-31,229fdf494b144fcb96da33a2cd8abcb2,TIPON,正常,2026-02-13 21:30:00,https://app.ondo.finance/assets/tipon,0x2Df38cA485D01fC15e4FD85847ed26b7EF871c1c,https://twitter.com/ondofinance,evm,,,,missing_chain_id
2026-05-31,82af0a7cfaa54c42a0b7a351e9864750,RIVNON,正常,2026-02-13 21:30:00,https://app.ondo.finance/assets/RIVNon,0x04d94914Cd1D7FF749eFedEe764335777225b962,https://twitter.com/ondofinance,evm,,,,missing_chain_id
2026-05-31,04a1eef47a6d44a3aaad8b0abe1e1b54,BILION,正常,2026-02-13 21:30:00,https://app.ondo.finance/assets/BILIon,0x7e08cE07acA80CefE61ebbFA0CedFe5C7b07eDB9,https://twitter.com/ondofinance,evm,,,,missing_chain_id
2026-05-31,68c685f7152241df947868730d4e95e7,BIDUON,正常,2026-02-13 21:30:00,https://app.ondo.finance/assets/biduon,0x9d4C6AD12B55E4645b585209F90Cc26614061E91,https://twitter.com/ondofinance,evm,,,,missing_chain_id
2026-05-31,351af61d2ef1425bada89a127bb8cf4b,MPON,正常,2026-02-13 21:00:00,https://app.ondo.finance/assets/MPon,0x75846A2b2Eeee6575Ac775f9984be54fd1D08189,https://twitter.com/ondofinance,evm,,,,missing_chain_id
2026-05-31,fde8cfc722e54c3a9f03ff472fb3b87f,ISRGON,正常,2026-02-13 21:00:00,https://app.ondo.finance/assets/ISRGon,0x2691b13fca1E02322685b9554B5ae0F5F3f05C55,https://twitter.com/ondofinance,evm,,,,missing_chain_id
2026-05-31,b1976dc45e2244309ee275dc67707b1f,VRTON,正常,2026-02-13 21:00:00,https://app.ondo.finance/assets/VRTon,0x0752163d221d3D5d4B6e98bD616B22bd2b453964,https://twitter.com/ondofinance,evm,,,,missing_chain_id
2026-05-31,6b6890b4125e4cda916c38b3a4c56770,PYPLON,正常,2026-02-13 21:00:00,https://app.ondo.finance/assets/pyplon,0x4EFD92F372898B57F292De69fCe377dd7D912bDd,https://twitter.com/ondofinance,evm,,,,missing_chain_id
2026-05-31,09755f88701c4d039aa98f46c4fd3019,IEMGON,正常,2026-02-13 21:00:00,https://app.ondo.finance/assets/iemgon,0xcDD60D15125bf3362b6838D2506b0Fa33bc1a515,https://twitter.com/ondofinance,evm,,,,missing_chain_id
2026-05-31,c4835a52545841daae08f431d7a71743,BMNRON,正常,2026-02-13 21:00:00,https://app.ondo.finance/assets/BMNRon,0x33483A58079b4225b10e57958Ca28ad7b9CDbAF7,https://twitter.com/ondofinance,evm,,,,missing_chain_id
2026-05-31,ec712d6a9f0743dc8e1f3bcb1b19f0ef,BNKR,正常,2026-02-13 12:30:00,https://warpcast.com/bankr,0x22aF33FE49fD1Fa80c7149773dDe5890D3c76F3b,https://twitter.com/bankrbot,evm,,,,missing_chain_id
2026-05-31,3d1e648c276f406aa7af1f991be25c22,KLIP,正常,2026-02-12 23:00:00,https://klipai.com/,0x5A6117EE2EA174D5875e3c1880ecd7bc8dA651B6,https://twitter.com/klip_ai,evm,,,,missing_chain_id
2026-05-31,b36b296471864ba18f6a83dec3a6fa45,USAD,正常,2026-02-12 22:00:00,https://aleo.org/usad/,usad_stablecoin.aleo,https://twitter.com/AleoHQ,other,,,,
2026-05-31,183da8e292ac4688b95e1b73f7817816,ESP,正常,2026-02-12 19:15:00,https://espresso.foundation/,0x031De51F3E8016514Bd0963d0B2AB825A591Db9A,https://twitter.com/espressofndn,evm,,,,missing_chain_id
2026-05-31,8d40fd2b539f4c60b3443313cf7fcc8d,AZTEC,正常,2026-02-12 15:00:00,https://aztec.network/,0xA27EC0006e59f245217Ff08CD52A7E8b169E62D2,https://twitter.com/aztecnetwork,evm,,,,missing_chain_id
2026-05-31,67dbdac993524121b9a96e60735b0415,EVA,正常,2026-02-11 23:00:00,https://evervaluecoin.com/,0x45D9831d8751B2325f3DBf48db748723726e1C8c,https://twitter.com/evervaluecoin,evm,,,,missing_chain_id
2026-05-31,229c8c8460734e2f81e5631fdc3d09ab,SUPERFORM,正常,2026-02-11 01:00:00,https://www.superform.xyz/,0x5b2193fDc451C1f847bE09CA9d13A4Bf60f8c86B,https://twitter.com/superformxyz,evm,,,,missing_chain_id
2026-05-31,d09cc4d920cd43debca3861ba17bb670,MOVA,正常,2026-02-06 18:00:00,https://movachain.com/,,https://x.com/MovaChain,missing,,,,
2026-05-31,848b876eedaf4222b7e4197a90f98413,RNBW,正常,2026-02-06 01:00:00,https://rainbow.me/,0xa53887F7e7c1bf5010b8627F1C1ba94fE7a5d6E0,https://twitter.com/rainbowdotme,evm,,,,missing_chain_id
2026-05-31,692ad6f522d84f869917f97187d1bc78,GGBR,正常,2026-02-05 20:00:00,https://goldfishgold.com/,0x7e2ac793f3E692f388e66c7DC28F739d13B0B71A,https://twitter.com/goldfishggbr,evm,,,,missing_chain_id
2026-05-31,a38272ee052749328c62ae4436cf3509,WARD,正常,2026-02-04 20:00:00,https://www.wardenprotocol.org,,https://twitter.com/wardenprotocol,missing,,,,
2026-05-31,50d1e6d511c54af6a6e2c7356106a82b,TRIA,正常,2026-02-03 18:00:00,https://www.tria.so/,0x228bEC415adE4b61D7CaF0adf8C91EAc587BA369,https://x.com/useTria,evm,,,,missing_chain_id
2026-05-31,204bc7a3e43347c298e684eb5a7f710a,ECHELON,正常,2026-02-02 22:00:00,https://echelon.market/,0xfc087a394c203d62c43eecfeba79db01441d39dd9d234131b78415626a26750e,https://x.com/echelonmarket,other,,,,
2026-05-31,bab825f1eda84ffc9533aaf37f6bef83,ZAMA,正常,2026-02-02 20:03:00,https://www.zama.org/,0xA12CC123ba206d4031D1c7f6223D1C2Ec249f4f3,https://twitter.com/zama,evm,,,,missing_chain_id
2026-05-31,c95dfa6159484a0c829692c2679ba496,CRYPGPT,正常,2026-02-01 14:00:00,https://crypgpt.ai/,0xe0ae52e75b38b605e9c879a570ee1e7bcc66254b,https://x.com/crypgpt_token,evm,,,,missing_chain_id
2026-05-31,c002931a0e114463a04f2cde4ec3d1d1,WOJAK,正常,2026-01-31 16:10:00,https://wojakcto.com/,0x8De39B057CC6522230AB19C0205080a8663331Ef,https://x.com/wojakcto,evm,,,,missing_chain_id
2026-05-31,176dc10f2175425f98473e87a7275e0a,CLAWNCH,正常,2026-01-31 13:00:00,https://clawn.ch/,0xa1F72459dfA10BAD200Ac160eCd78C6b77a747be,https://twitter.com/Clawnch_Bot,evm,,,,missing_chain_id
2026-05-31,cbc161da0917469194bc1ffc985f500c,INX,正常,2026-01-31 03:00:00,https://infinex.xyz/,0xdeF1b2D939EdC0E4d35806c59b3166F790175afe,https://twitter.com/infinex,evm,,,,missing_chain_id
2026-05-31,b39a76e565444558ba6ff2c6f207d2c3,GLDON,正常,2026-01-30 21:00:00,https://app.ondo.finance/assets/GLDon,0x423D42E505e64F99b6E277eb7ED324CC5606F139,https://twitter.com/ondofinance,evm,,,,missing_chain_id
2026-05-31,a1b4e9f6cdbd48d9886bff517cc3348a,COPXON,正常,2026-01-30 21:00:00,https://app.ondo.finance/assets/COPXon,0x423A63dfE8d82CD9C6568C92210AA537d8Ef6885,https://twitter.com/ondofinance,evm,,,,missing_chain_id
2026-05-31,60a24a2213d44f3087437aaac5cb169f,ARCIEL,正常,2026-01-30 18:00:00,https://www.arciel.world/,0x6D0c9A9260EBe87722a96cbb301127153fE175a1,https://x.com/Arciel_ARC,evm,,,,missing_chain_id
2026-05-31,9bf01822a3cf4653baa6f80e39c80d2e,MOLT,正常,2026-01-30 15:25:00,,0xB695559b26BB2c9703ef1935c37AeaE9526bab07,https://x.com/moltbook,evm,,,,missing_chain_id
2026-05-31,2337ec8ebced4161bc6dcf6b397dcc72,XYZ,正常,2026-01-29 21:00:00,https://xyzverse.ai/,0x9e9035aafeCB30CfD5355a10F93a270e33bc4293,https://twitter.com/xyz_verse,evm,,,,missing_chain_id
2026-05-31,ca2b4c1b22e54b20abc90bc86b4eb554,BIRB,正常,2026-01-28 19:00:00,www.moonbirds.com,G7vQWurMkMMm2dU3iZpXYFTHT9Biio4F4gZCrwFpKNwG,https://x.com/moonbirds,solana,solana,solana,address_format,
2026-05-31,e2c5a312241047a5a8b76816c567464e,USAT,正常,2026-01-27 22:00:00,https://usat.io/,0x07041776f5007ACa2A54844F50503a18A72A8b68,https://twitter.com/usat,evm,,,,missing_chain_id
2026-05-31,e83e74a558324113a95670bd31dcd6ac,MWXT,正常,2026-01-27 20:00:00,https://mwxtoken.ai/,0x93918567cdD1bc845BE955325a43419a7C56d66f,https://twitter.com/mwx_ai,evm,,,,missing_chain_id
2026-05-31,6c4dc18d71d24fbeb905ceb1c5a12125,3KDS,正常,2026-01-27 18:00:00,https://3kds.io/index.php,0x490153b338c2469E21c55e4ff88bdcFaDAC68141,https://x.com/3KDS_OFFICIAL,evm,,,,missing_chain_id
2026-05-31,31e9247533d1435bbb936813239b0eff,SPACE,正常,2026-01-23 20:00:00,https://spacecoin.org/,0x87acFA3fD7A6e0d48677D070644D76905C2bDC00,https://twitter.com/spacecoin,evm,,,,missing_chain_id
2026-05-31,c3b1fd560cda4121bed6a4543f2ffe68,IMU,正常,2026-01-22 22:00:00,https://immunefi.com/,0xb48c6B24f36307c7A1f2a9281E978a9ef2902BA5,https://x.com/immunefi,evm,,,,missing_chain_id
2026-05-31,2959e3eefc5e4a98b21298e8020ee11b,SENT,正常,2026-01-22 20:00:00,https://www.sentient.xyz,0x56A3BA04E95d34268A19b2a4474DC979baBDaf76,https://twitter.com/SentientAGI,evm,,,,missing_chain_id
2026-05-31,35097aa8b5ff459795a7dda28a7adce1,FIGHT,正常,2026-01-22 19:03:00,https://www.fight.id,0xB2D97C4ed2d0Ef452654F5CAB3da3735B5e6F3ab,https://twitter.com/JoinFightID,evm,,,,missing_chain_id
2026-05-31,53a7b66747594de88fef57eff5e3c8c2,PENGUIN,正常,2026-01-22 09:45:00,https://www.penguinonsol.com/,8Jx8AAHj86wbQgUTjGuj6GTTL5Ps3cqxKRTvpaJApump,https://x.com/nietzscheansol_,solana,solana,solana,address_format,
2026-05-31,440e742ce23e4c48b3d7afd4eaec61fc,SUMR,正常,2026-01-22 09:00:00,https://summer.fi/,0x194f360D130F2393a5E9F3117A6a1B78aBEa1624,https://x.com/summerfinance_,evm,,,,missing_chain_id
2026-05-31,1d65bb8a25234c26a2303692a3555424,GWEI,正常,2026-01-21 22:00:00,https://www.ethgas.com/,0x2798b1cC5A993085E8A9D46e80499F1B63f42204,https://twitter.com/ETHGasOfficial,evm,,,,missing_chain_id
2026-05-31,9f34f1c8637a4311ac4f825c06c03d86,EDOM,正常,2026-01-21 15:00:00,https://edom.cc/,0x954AEC663b893D81b4C8dbE1a0544491fD63FA77,https://twitter.com/EDOM_Official_X,evm,,,,missing_chain_id
2026-05-31,d4d4e9b0b9ff4e8b8415334a6bcd2ee5,MEMES,正常,2026-01-21 14:25:00,,0xF74548802f4c700315F019FdE17178b392EE4444,,evm,,,,missing_chain_id
2026-05-31,0f35d617f0524059bec016b40f5a1b1c,SKR,正常,2026-01-21 10:00:00,https://solanamobile.com/,SKRbvo6Gf7GondiT3BbTfuRDPqLWei4j2Qy2NPGZhW3,https://x.com/solanamobile,solana,solana,solana,address_format,
2026-05-31,a705b3411cac43218203397b56171fe9,ACU,正常,2026-01-20 18:03:00,https://acurast.com/,0x216b3643ff8b7BB30d8A48E9F1BD550126202AdD,https://twitter.com/Acurast,evm,,,,missing_chain_id
2026-05-31,3d2a3bdeee2149109bda9d746e66f79e,ELSA,正常,2026-01-20 16:15:00,https://heyelsa.ai,0x29cC30f9D113B356Ce408667aa6433589CeCBDcA,https://twitter.com/HeyElsaAI,evm,,,,missing_chain_id
2026-05-31,fb8c92c21c7f4b4c8196ab2b291b4cb9,KOON,正常,2026-01-16 22:00:00,https://app.ondo.finance/assets/koon,0x74a03d741226f738098C35da8188E57acA50d146,https://twitter.com/ondofinance,evm,,,,missing_chain_id
2026-05-31,77b57f48564d4dcf946c1a2e5cf24feb,MARAON,正常,2026-01-16 22:00:00,https://app.ondo.finance/assets/maraon,0x4604b0b581269843ac7a6b70A5FC019E7762e511,https://twitter.com/ondofinance,evm,,,,missing_chain_id
2026-05-31,79f217a142db4a4daa3686fb09156591,IEFAON,正常,2026-01-16 21:30:00,https://app.ondo.finance/assets/iefaon,0xFEFf7a377A86462F5a2A872009722C154707F09e,https://twitter.com/ondofinance,evm,,,,missing_chain_id
2026-05-31,1f07c9ca69c7498ea1851081545b7d22,SMCION,正常,2026-01-16 21:30:00,https://app.ondo.finance/assets/smcion,0x2ca12a3F9635fD69C21580def14F25C210cA9612,https://twitter.com/ondofinance,evm,,,,missing_chain_id
2026-05-31,08b1296dfa3f4bb1a3e22507e436c41b,NVOON,正常,2026-01-16 21:30:00,https://app.ondo.finance/assets/nvoon,0x28151F5888833D3d767C4d6945a0Ee50D1B193E3,https://twitter.com/ondofinance,evm,,,,missing_chain_id
2026-05-31,7caa7889f318441d96898c3582acb832,IJHON,正常,2026-01-16 21:30:00,https://app.ondo.finance/assets/ijhon,0xFd50Fc4E3686a8DA814c5C3D6121d8aB98a537F0,https://twitter.com/ondofinance,evm,,,,missing_chain_id
2026-05-31,7f0d0ba9dfa44c3185a114601949178b,CMGON,正常,2026-01-16 21:30:00,https://app.ondo.finance/assets/cmgon,0x25018520138bbaB60684AD7983D4432E8B8E926B,https://twitter.com/ondofinance,evm,,,,missing_chain_id
2026-05-31,35ed33fcdc31473a91c840f441ec7341,AGGON,正常,2026-01-16 21:30:00,https://app.ondo.finance/assets/aggon,0xfF7CF16aA2fFc463b996DB2f7B7cf0130336899D,https://twitter.com/ondofinance,evm,,,,missing_chain_id
2026-05-31,cd4e52f2287a4914a35171b976dd1260,SOUNON,正常,2026-01-16 21:00:00,https://app.ondo.finance/assets/SOUNon,0x966dB065199A3edEa2228C6E5Eb6Ac49FF251AcC,https://twitter.com/ondofinance,evm,,,,missing_chain_id
2026-05-31,6c47024f35bf45ffaad692fb39484d56,CRWDON,正常,2026-01-16 21:00:00,https://app.ondo.finance/assets/CRWDon,0xCaC9AAfb2cf51645Ae1ab4Fb1F35F07d42437f80,https://twitter.com/ondofinance,evm,,,,missing_chain_id
2026-05-31,3d8e59d22b5e4f108618dd7346151471,PDDON,正常,2026-01-16 21:00:00,https://app.ondo.finance/assets/PDDon,0xcC40965d3621362C3EE1dD946bA98d6A708ea86B,https://twitter.com/ondofinance,evm,,,,missing_chain_id
2026-05-31,e655222f6797471b9961a9b7b147e300,PBRON,正常,2026-01-16 21:00:00,https://app.ondo.finance/assets/pbron,0xD08DDb436e731f32455Fe302723eE0FD2E9E8706,https://twitter.com/ondofinance,evm,,,,missing_chain_id
2026-05-31,13474151e30440c69a112b7a812771f0,PALLON,正常,2026-01-16 21:00:00,https://app.ondo.finance/assets/PALLon,0x0cE36d199bd6851788e03392568849394cBdE722,https://twitter.com/ondofinance,evm,,,,missing_chain_id
2026-05-31,fc4e880b1afa4cc2abf923562808583a,OIL(USOON),正常,2026-01-16 21:00:00,https://app.ondo.finance/assets/USOon,0x1F5fc5c3c8B0F15c7E21AF623936FF2b210b6415,https://twitter.com/ondofinance,evm,,,,missing_chain_id
2026-05-31,5591b1ad7f2f4d7db5a53a2b8b3f7cef,ROLL,正常,2026-01-16 20:00:00,https://rollx.trade/,0xAb6363dA0C80cEF3Ae105Bd6241E30872355d021,https://x.com/rollxfi,evm,,,,missing_chain_id
2026-05-31,cb5543f2a60547958173d7df94fab902,SIS,正常,2026-01-16 18:00:00,https://symbiosis.finance/,0xd38BB40815d2B0c2d2c866e0c72c5728ffC76dd9,https://twitter.com/symbiosis_fi,evm,,,,missing_chain_id
2026-05-31,6feb324bbe7f441d88682bf18cbe8ae3,TQQQON,正常,2026-01-15 22:00:00,https://app.ondo.finance/assets/TQQQon,0xa45cd7ac9865b9539166ebaf2aBc362Df4736580,https://twitter.com/ondofinance,evm,,,,missing_chain_id
2026-05-31,f0ae87a5834449a8835cd1be5f86ac12,PSQON,正常,2026-01-15 22:00:00,https://app.ondo.finance/assets/PSQon,0x9ebd34d99Cc3a45B39CAFc14Ad7994263fa2Be56,https://twitter.com/ondofinance,evm,,,,missing_chain_id
2026-05-31,a822efdf7823414fb09afd4853237d31,OKLOON,正常,2026-01-15 22:00:00,https://app.ondo.finance/assets/OKLOon,0xF0372e226553aF4F343b44111A789f87A9fa427A,https://twitter.com/ondofinance,evm,,,,missing_chain_id
2026-05-31,2e496bf34c20466b94e1a5cf895f4eb0,MRKON,正常,2026-01-15 22:00:00,https://app.ondo.finance/assets/MRKon,0xdc8a7Db05EA704227D56F5D4a4b77A2d1bbA29c0,https://twitter.com/ondofinance,evm,,,,missing_chain_id
2026-05-31,1418e72b51464127ae461e6fd81a3e4f,IRENON,正常,2026-01-15 22:00:00,https://app.ondo.finance/assets/IRENon,0x0b59fDb1A233A7477ea14061004b9DD776e73CB3,https://twitter.com/ondofinance,evm,,,,missing_chain_id
2026-05-31,54047f5238694e8cb0715a7a7726bc36,FUN,正常,2026-01-15 22:00:00,https://www.sport.fun/,0x16EE7ecAc70d1028E7712751E2Ee6BA808a7dd92,https://twitter.com/sportfun,evm,,,,missing_chain_id
2026-05-31,5c3e29773d854bcea95afe2ce6fb63e0,AMATON,正常,2026-01-15 22:00:00,https://app.ondo.finance/assets/AMATon,0x6bE935eaDc71c49c414b1175985946ee40365c67,https://twitter.com/ondofinance,evm,,,,missing_chain_id
2026-05-31,02488f8de2f2441e86e232fac6fc3c79,CON,正常,2026-01-15 21:30:00,https://app.ondo.finance/assets/Con,0xC46e7eF70d7Cf8C17863a6B0b9be2aF6a4C41aBe,https://twitter.com/ondofinance,evm,,,,missing_chain_id
2026-05-31,84ff7ef89ce847b08996b2c6c98fe77c,VZON,正常,2026-01-15 21:30:00,https://app.ondo.finance/assets/VZon,0x0e3D889D5B857C3e6eb361B9C9aE35bb7DdbD254,https://twitter.com/ondofinance,evm,,,,missing_chain_id
2026-05-31,313e55dbb41f41c1a957bf38cfc585f9,SOFION,正常,2026-01-15 21:30:00,https://app.ondo.finance/assets/SOFIon,0x9f2e3EB0160117c56b07652Fe66a08a48b5bD7B5,https://twitter.com/ondofinance,evm,,,,missing_chain_id
2026-05-31,a6f3af84d68e4ba182276dfe38ef2d4f,JNJON,正常,2026-01-15 21:30:00,https://app.ondo.finance/assets/JNJon,0xdd0E1e6162666a210905fFE8d368661B313c00e9,https://twitter.com/ondofinance,evm,,,,missing_chain_id
2026-05-31,9b0855abb37440308d591ad099a26185,CVNAON,正常,2026-01-15 21:30:00,https://app.ondo.finance/assets/CVNAon,0xFe4eC50E0413148021d2f50d114CC44De6fFBF23,https://twitter.com/ondofinance,evm,,,,missing_chain_id
2026-05-31,e5ea98fb6e7d4eefafcf59098901edf9,ATTON,正常,2026-01-15 21:30:00,https://app.ondo.finance/assets/Ton,0x3361A73262199873b74D6835760a59B8817fa592,https://twitter.com/ondofinance,evm,,,,missing_chain_id
2026-05-31,ec570bf9542d45689eff3644f6e9e1e9,SGOVON,正常,2026-01-15 21:00:00,https://app.ondo.finance/assets/SGOVon,0x8De5D49725550f7b318b2FA0f1B1F118E98E8D0F,https://twitter.com/ondofinance,evm,,,,missing_chain_id
2026-05-31,0f1e0d0d83414db28b427b35d6dbbcaf,FON,正常,2026-01-15 21:00:00,https://app.ondo.finance/assets/Fon,0xf72936FA8afC808c99eb76E620A98DDC6a7A53d1,https://twitter.com/ondofinance,evm,,,,missing_chain_id
2026-05-31,227a2b5e353f4d98878f65e4503946e5,USFRON,正常,2026-01-15 21:00:00,https://app.ondo.finance/assets/USFRon,0xFb82561A955bF59B9263301126AF490D3799e231,https://twitter.com/ondofinance,evm,,,,missing_chain_id
2026-05-31,ebb6f2bf7f374deca7b37ea7dd03e0b8,CEGON,正常,2026-01-15 21:00:00,https://app.ondo.finance/assets/CEGon,0x060505527C83E8BfEb9b4Ff08248B82e688800F1,https://twitter.com/ondofinance,evm,,,,missing_chain_id
2026-05-31,ff680ada0f90482c9bc708e134950b28,CATON,正常,2026-01-15 21:00:00,https://app.ondo.finance/assets/CATon,0xF719b02079E0FaA5450392DA2D3e11a1e5b0EADB,https://twitter.com/ondofinance,evm,,,,missing_chain_id
2026-05-31,2815d3835692443e8dc8b603558321f0,AALON,正常,2026-01-15 21:00:00,https://app.ondo.finance/assets/AALon,0xBE8eb7b51a08f9d52Bb6C8c7EcA699f0f89BfC02,https://twitter.com/ondofinance,evm,,,,missing_chain_id
2026-05-31,0bbe2c87c79c4db193fd02eebb410ce2,FOGO,正常,2026-01-15 20:00:00,https://www.fogo.io/,,https://twitter.com/FogoChain,missing,,,,
2026-05-31,b5113c1afb254c71bf51a04ce3a4c27b,OWL,正常,2026-01-15 18:03:00,https://owlto.finance/,0x51e667e91b4b8cb8e6e0528757f248406bd34b57,https://x.com/Owlto_Finance,evm,,,,missing_chain_id
2026-05-31,6146052f861940d19c61dc07d92af938,BUTTCOIN,正常,2026-01-15 10:55:00,,Cm6fNnMk7NfzStP9CZpsQA2v3jjzbcYGAxdJySmHpump,https://x.com/buttcoin,solana,solana,solana,address_format,
2026-05-31,5e0dd4e0ce654ed68c4e375ef8074610,COCO,正常,2026-01-14 18:00:00,https://cocobnb.meme/,0x80F1fF15B887CB19295D88C8c16F89d47f6D8888,https://twitter.com/COCO_DOGE,evm,,,,missing_chain_id
2026-05-31,1073cd527c2442b38cc102635f4fa55b,AIXT,正常,2026-01-14 18:00:00,,0x920e753d8d7d5b598063C89b6f06288803448D06,,evm,,,,missing_chain_id
2026-05-31,db48963af3fa445ba06782db1d175fc6,COP,正常,2026-01-14 14:00:00,,,,missing,,,,
2026-05-31,0d64f82e0730402fbada155b79a95904,ARS,正常,2026-01-14 14:00:00,,,,missing,,,,
2026-05-31,0fe39d78e6f345f8b54b8eab23db8e9a,MXN,正常,2026-01-14 14:00:00,,,,missing,,,,
2026-05-31,f051168e2e1f4e22b1965458be19d797,PSYOPANIME,正常,2026-01-13 09:55:00,,2nP9yKQNSGQy851iyawDvBkzkK2R2aqKArQCKc2gpump,https://x.com/PsyopAnime,solana,solana,solana,address_format,
2026-05-31,1db97277b3504dc6836a1d6ee88e6a62,CKUSDT,正常,2026-01-12 22:00:00,https://internetcomputer.org/docs/defi/chain-key-tokens/ckerc20/overview,,,missing,,,,
2026-05-31,a45d96b2f79944e581030a25b39864eb,CKBTC,正常,2026-01-12 22:00:00,https://internetcomputer.org/docs/defi/chain-key-tokens/ckbtc/overview,,,missing,,,,
2026-05-31,b7ebf9d93dfd40568f10632e8497b185,FRAX,正常,2026-01-12 18:00:00,https://frax.com,,https://twitter.com/fraxfinance,missing,,,,
2026-05-31,91e2950f6bc341fb8483af8c37840885,RNGR,正常,2026-01-11 02:23:00,http://app.ranger.finance/,RNGRtJMbCveqCp7AC6U95KmrdKecFckaJZiWbPGmeta,https://x.com/ranger_finance,solana,solana,solana,address_format,
2026-05-31,b854edc05f1142e3b6470d924551bf3a,LRCXON,正常,2026-01-09 21:00:00,https://app.ondo.finance/assets/LRCXon,0x21bE23f5bF87A749670c088F6DEe26760F1Ab80F,https://twitter.com/ondofinance,evm,,,,missing_chain_id
2026-05-31,b6c768872f1048bf8ff1df03f365caf7,BAON,正常,2026-01-09 21:00:00,https://app.ondo.finance/assets/baon,0x57270D35A840BC5C094da6FBeCA033FB71eA6Ab0,https://twitter.com/ondofinance,evm,,,,missing_chain_id
2026-05-31,885ff17b5bde4a9b8cf12b5e70fbb7c4,XOMON,正常,2026-01-09 21:00:00,https://app.ondo.finance/assets/XOMon,0xF05Ad9840924EA6f977EBccb3b1da87e31DcD0B4,https://twitter.com/ondofinance,evm,,,,missing_chain_id
2026-05-31,5750ca3e5827402cb2767523372ebab9,BACON,正常,2026-01-09 21:00:00,https://app.ondo.finance/assets/BACon,0x576E9CA70e3a040c00d8139b0665a2b7b7B64844,https://twitter.com/ondofinance,evm,,,,missing_chain_id
2026-05-31,e1a18b84d0364cfa8946fd6f0faa738b,ABBVON,正常,2026-01-09 21:00:00,https://app.ondo.finance/assets/ABBVon,0x7c7378143a9c8839e0502e2178F058F46c6ea504,https://twitter.com/ondofinance,evm,,,,missing_chain_id
2026-05-31,2ea5e4f71708457faacea35d7afa6516,DN,正常,2026-01-09 18:00:00,https://deepnode.ai/,0x9B6a1d4fa5d90E5f2D34130053978D14Cd301d58,https://x.com/DeepNodeAI,evm,,,,missing_chain_id
2026-05-31,c9f09e172eea4cc79c7e0a7c7092db77,TESTICLE,正常,2026-01-09 11:35:00,,4TyZGqRLG3VcHTGMcLBoPUmqYitMVojXinAmkL8xpump,https://x.com/testicletoken,solana,solana,solana,address_format,
2026-05-31,8d7bdf6dd0e64cd093bad2a5c742af9b,ORTA,正常,2026-01-08 21:00:00,https://www.ortachain.com/,0xcb20b537F5dF50BCcc00Fe6a8Eb4D57b14a89a03,https://twitter.com/ortachain,evm,,,,missing_chain_id
2026-05-31,c49f5beeb2554c19a1956dd7b55e4140,ZTC,正常,2026-01-07 20:00:00,https://www.zenchain.io/,0x87033d521F1A5DB206860F2688cA161719F85187,https://x.com/zen_chain,evm,,,,missing_chain_id
2026-05-31,10722ca697ba449cb2a5748c81d28277,我踏马来了,正常,2026-01-07 13:50:00,,0xc51A9250795c0186a6FB4A7D20A90330651e4444,,evm,,,,missing_chain_id
2026-05-31,f254d5a405484e23b3de4f3e7591939a,BREV,正常,2026-01-06 22:00:00,https://brevis.network/,0x086F405146Ce90135750Bbec9A063a8B20A8bfFb,https://x.com/brevis_zk,evm,,,,missing_chain_id
2026-05-31,249e9717402c42619a94d1c814864f2d,QIE,正常,2026-01-06 18:00:00,https://www.qie.digital,,https://x.com/qieblockchain,missing,,,,
2026-05-31,57f8205ea6284d3c81737cebea6adf1a,WHITEWHALE,正常,2026-01-06 15:15:00,https://whitewhalememe.com/,a3W4qutoEJA4232T2gwZUfgYJTetr96pU4SJMwppump,https://twitter.com/WhiteWhaleMeme,solana,solana,solana,address_format,
2026-05-31,b7ce4b83f341428890c1c8fa457bb898,114514,正常,2026-01-05 12:10:00,,AGdGTQa8iRnSx4fQJehWo4Xwbh1bzTazs55R6Jwupump,https://x.com/114514coin,solana,solana,solana,address_format,
2026-05-31,ee0469813e10446f97e25d94955b6c0e,9BIT,正常,2026-01-04 13:00:00,https://the9bit.com,HmMubgKx91Tpq3jmfcKQwsv5HrErqnCTTRJMB6afFR2u,https://x.com/official_9bit,solana,solana,solana,address_format,
2026-05-31,17437e5eadb04487a1a17b90bb5ffd1e,CODEX,正常,2026-01-02 20:00:00,https://www.codexfield.com,0x4AF228a5fba8fb4fF64b5b9563Fd114595Fa6686,https://x.com/CodexField,evm,,,,missing_chain_id
2026-05-31,36b044f9169f469c997d8ec0f3e7925c,LIT,正常,2025-12-31 18:00:00,https://lighter.xyz/,0x232CE3bd40fCd6f80f3d55A522d03f25Df784Ee2,https://twitter.com/Lighter_xyz,evm,,,,missing_chain_id
2026-05-31,980bf7cd908746e39b09103c49b61428,FRT,正常,2025-12-31 18:00:00,https://forton.app,EQA1EIDrR33zgL21rwDIfGo7h4ETWieentUvg7jIT-3aP5GG,https://twitter.com/forton_official,ton,ton,ton,address_format,
2026-05-31,0a61da0d74b742c19cbb614fa808a283,COLLECT,正常,2025-12-27 18:03:00,https://collectfoundation.xyz/,0x4B3D30992f003c8167699735F5Ab2831B2A087D3,https://x.com/CollectFDN,evm,,,,missing_chain_id
2026-05-31,bc6f8ed48f1f4bf991327e8f384d2f5b,JGGL,正常,2025-12-25 17:00:00,https://jggl.ai/,0x7d1Bc77187D15c9b79Ac2059fa1d262947379ec0,https://x.com/Jggl_it,evm,,,,missing_chain_id
2026-05-31,619eb4c3ebac4b0fa02aed820e6bc4b9,TBK,正常,2025-12-25 06:00:00,http://tronbank.pro/,TR84L8oj3zt6NEZknUPerxZJyAALE8XNSH,https://x.com/TronBankPro?s=20,solana,solana,solana,address_format,
2026-05-31,d58033906d1f471a913cf97a88f0ca41,ECOR,正常,2025-12-24 21:00:00,https://token.ecorpay.com/,6wQDzAZT17HYABu7rNXBDUSgNzDeGUUUzY2cS8wpEGAc,https://twitter.com/ecor_token,solana,solana,solana,address_format,
2026-05-31,6c21ee6d0c874eccaf5ec054fa23ba70,VEREM,正常,2025-12-23 22:00:00,https://www.veremrwa.com/,0x862829e8dCf0Fd939D61d1b0D4a3aaf983ee4F73,https://x.com/veremrwa,evm,,,,missing_chain_id
2026-05-31,e1d46caeae7c47198a4b12c87c5fef72,CRAT,正常,2025-12-23 18:00:00,https://cratd2csmartchain.io/,,https://twitter.com/CratD2C,missing,,,,
2026-05-31,b72a6f97f8124e63a39c376c9ccac1f1,LINON,正常,2025-12-22 21:30:00,https://app.ondo.finance/assets/linon,0x01B19c68f8A9eE3a480dA788ba401cFAbdf19B93,https://twitter.com/ondofinance,evm,,,,missing_chain_id
2026-05-31,ea9545e4052c4d11960ea7de48839503,GSON,正常,2025-12-22 21:30:00,https://app.ondo.finance/assets/gson,0xdB57d9C14e357Fc01E49035a808779Df41E9B4e2,https://twitter.com/ondofinance,evm,,,,missing_chain_id
2026-05-31,44f2aeb735834e988406f679241f4ac8,NOWON,正常,2025-12-22 21:30:00,https://app.ondo.finance/assets/nowon,0x8bCF9012f4b0c1C3D359eDb7133C294f82f80790,https://twitter.com/ondofinance,evm,,,,missing_chain_id
2026-05-31,30889801a4e247d48cb39c5b2690ca90,COSTON,正常,2025-12-22 21:30:00,https://app.ondo.finance/assets/coston,0x0c8276E4FeC072cf7854Be69c70F7773D1610857,https://twitter.com/ondofinance,evm,,,,missing_chain_id
2026-05-31,83ac05e63dc341a8a87c6dbece67b85d,NKEON,正常,2025-12-22 21:00:00,https://app.ondo.finance/assets/nkeon,0xD8e26FcC879b30cB0a0B543925a2B3500f074D81,https://twitter.com/ondofinance,evm,,,,missing_chain_id
2026-05-31,d9b4db3d7b4d436f88d1ffea755ad88c,CRMON,正常,2025-12-22 21:00:00,https://app.ondo.finance/assets/crmon,0x55720eF5b023Fd043AE5F8D2e526030207978950,https://twitter.com/ondofinance,evm,,,,missing_chain_id
2026-05-31,b5b4e6c642c8469e9c0c80bf895e7279,WMTON,正常,2025-12-22 21:00:00,https://app.ondo.finance/assets/wmton,0x82106347dDbB23cE44Cf4cE4053Ef1adf8b9323B,https://twitter.com/ondofinance,evm,,,,missing_chain_id
2026-05-31,c1c6f5cc51ed48d6a2f60f79d4e1e37d,JPMON,正常,2025-12-22 21:00:00,https://app.ondo.finance/assets/jpmon,0x03C1EC4CA9DBb168E6Db0DeF827c085999CBffaF,https://twitter.com/ondofinance,evm,,,,missing_chain_id
2026-05-31,0e16031e680c41bba1e852276276834e,ZKP,正常,2025-12-19 21:00:00,https://zkpass.org,0xe1Be424F442D0687129128C6c38aAce44F8c8Dbc,https://twitter.com/zkPass,evm,,,,missing_chain_id
2026-05-31,8f5c75ac07574b0698f389ba07f6d43a,RTX,正常,2025-12-19 17:03:00,https://rate-x.io/,0x4829A1D1fB6DED1F81d26868ab8976648baF9893,https://twitter.com/RateX_Dex,evm,,,,missing_chain_id
2026-05-31,dc6cdfb9643246f683652006c56916e8,VOOI,正常,2025-12-18 21:00:00,https://vooi.io/,0xb31561F0e2aaC72406103b1926356D756F07A481,https://twitter.com/vooi_io,evm,,,,missing_chain_id
2026-05-31,222210ff48664770aafc3e19b33d30f2,IR,正常,2025-12-17 20:00:00,https://infrared.finance/,0xa1B644AEC990Ad6023811cED36E6A2d6D128C7C9,https://x.com/infraredfinance,evm,,,,missing_chain_id
2026-05-31,b70e85959986465da5b8186bed4ed26c,XGZ,正常,2025-12-17 17:00:00,https://goldzip.info/,0x69af64f409c08E9076bF7f3ed9Db3a7409717161,https://twitter.com/goldzipxgz,evm,,,,missing_chain_id
2026-05-31,ddfb83832f8d4ca89b779e727fb5b8d1,THQ,正常,2025-12-16 22:03:00,https://www.theoriq.ai/,0x0b2558bdBC7FFEC0f327fB3579c23daBD1699706,https://twitter.com/TheoriqAI,evm,,,,missing_chain_id
2026-05-31,6c4167e7ac8d424fa06d75a0343bd3d6,MAGMA,正常,2025-12-16 18:00:00,https://magmafinance.io/,0x9f854b3ad20f8161ec0886f15f4a1752bf75d22261556f14cc8d3a1c5d50e529::magma::MAGMA,https://twitter.com/Magma_Finance,other,,,,
2026-05-31,5d3ba882af154c27ae739c4bdf7711c1,EDEL,正常,2025-12-15 15:15:00,,0xFb31f85A8367210B2e4Ed2360D2dA9Dc2D2Ccc95,,evm,,,,missing_chain_id
2026-05-31,cc3b7d6182b34cd99d4873cf15c569ad,WEETH,正常,2025-12-14 18:00:00,https://www.ether.fi/,0xCd5fE23C85820F7B72D0926FC9b05b43E359b7ee,https://twitter.com/ether_fi,evm,,,,missing_chain_id
2026-05-31,b5cd4444f1d846a09f6493611269bed9,RAVE,正常,2025-12-12 22:00:00,https://ravedao.com/,0x17205fab260a7a6383a81452cE6315A39370Db97,https://twitter.com/RaveDAO,evm,,,,missing_chain_id
2026-05-31,da4bf0bcf9b94917a45f632a02c62f7c,DPN,正常,2025-12-12 20:00:00,https://dpin.cloud/,0xf2E0614fe822B6f42b707F8E258AD1931959B710,https://twitter.com/Dpincloud,evm,,,,missing_chain_id
2026-05-31,08a5456e8c1a4f33bfa1f45d01837f33,US,正常,2025-12-11 21:00:00,https://talus.network,0xee962a61432231c2ede6946515beb02290cb516ad087bb06a731e922b2a5f57a::us::US,https://twitter.com/Talus_Labs,other,,,,
2026-05-31,529de3d331c64188bcb3c08aa065c88a,BTX,正常,2025-12-11 20:00:00,https://beatswap.io,0xAa242a47F4cC074E59cbC7D65309B1F21202AaA3,https://twitter.com/BeatXswap,evm,,,,missing_chain_id
2026-05-31,e901c994629149dfa0fc9216fc126adc,ALMANAK,正常,2025-12-11 20:00:00,https://almanak.co/,0xDeFA1D21c5F1cbeac00eeB54B44C7D86467cc3a3,https://twitter.com/almanak,evm,,,,missing_chain_id
2026-05-31,bba9a154b9db4224b4f9f401fcea5400,CYS,正常,2025-12-11 18:00:00,https://cysic.xyz,0x0C69199C1562233640e0Db5Ce2c399A88eB507C7,https://twitter.com/cysic_xyz,evm,,,,missing_chain_id
2026-05-31,f21ae6950e5e40c48152d8811be6f007,YEE,正常,2025-12-11 17:45:00,https://yeetoken.vip/,0x9Ac9468E7E3E1D194080827226B45d0B892C77Fd,https://twitter.com/YeeErc20,evm,,,,missing_chain_id
2026-05-31,83ed06911f30415d9f4fda6ff0b10f9d,CLONE,正常,2025-12-10 21:00:00,https://links.confidentiallayer.com/,0xC9fAEbA86e8567477783B8432945F131D84E3fdA,https://twitter.com/ConfidentialLyr,evm,,,,missing_chain_id
2026-05-31,d43501763ba24743bc09278282a4ff9a,WET,正常,2025-12-09 22:03:00,https://humidifi.xyz/,WETZjtprkDMCcUxPi9PfWnowMRZkiGGHDb9rABuRZ2U,https://twitter.com/humidifi,solana,solana,solana,address_format,
2026-05-31,7f3a611d659a4e1c8985948c119d8a38,NIGHT,正常,2025-12-09 18:00:00,https://midnight.network/,0691b2fecca1ac4f53cb6dfb00b7013e561d1f34403b957cbb5af1fa#4e49474854,https://x.com/midnightfdn,other,,,,
2026-05-31,c0e37362b81c4c6bbf8f7e258c7c5988,STABLE,正常,2025-12-08 21:00:00,https://stable.xyz/,0x0000000000000000000000000000000000001003,https://x.com/stable,evm,,,,missing_chain_id
2026-05-31,d26909cf2ea24a48a673eaba9f1b7440,TRCR,正常,2025-12-08 18:00:00,https://jointracer.io/,0xd0e4fc5B430b0cAC0f59b7B8B66D40d0b3f64A6b,https://twitter.com/jointracer,evm,,,,missing_chain_id
2026-05-31,0265935800b145738a8af39c4f6afddf,WATT,正常,2025-12-07 16:00:00,www.d.energy,,https://x.com/denergychain,missing,,,,
2026-05-31,bc854f2aeea14f55a68640b5333843de,REALTOKEN,正常,2025-12-07 11:00:00,https://www.therealchain.com/,5245414C00000000000000000000000000000000,https://twitter.com/RealFITeam,other,,,,
2026-05-31,6dfc8345f8b947baa06472eff0e60127,TIVA,正常,2025-12-05 21:00:00,token.intivahealth.com,0x57b13A7E18D7382f2CE754ff112b2f552230b83E,https://x.com/IntivaHealth,evm,,,,missing_chain_id
2026-05-31,2819349e04334fc492ff6170d1e2b9e3,POWER,正常,2025-12-05 20:00:00,https://powerprotocol.xyz/en,0x9dC44ae5BE187ECA9e2A67e33f27A4c91cEA1223,https://twitter.com/PowerPrtcl,evm,,,,missing_chain_id
2026-05-31,788c94d510c84121946ef200c45075c6,SHR,正常,2025-12-01 22:00:00,https://sharering.network/,0x192675d1E131b9E339F16603E21b01A845D8C21e,https://twitter.com/ShareRingGlobal,evm,,,,missing_chain_id
2026-05-31,f096066a6309416fa941f681ed9742f3,RIOTON,正常,2025-12-01 21:00:00,https://app.ondo.finance/assets/rioton,0x21deafD91116FCe9fE87C8f15Bde03f99a309b72,https://twitter.com/ondofinance,evm,,,,missing_chain_id
2026-05-31,2be90486454249729a063fb4e5da6ee5,IBMON,正常,2025-12-01 21:00:00,https://app.ondo.finance/assets/ibmon,0x25d3f236B2d61656eebdeA86Ac6D42168e340011,https://twitter.com/ondofinance,evm,,,,missing_chain_id
2026-05-31,1cdd96201e364c8b892ae4656a78e3fd,SLVON,正常,2025-12-01 21:00:00,https://app.ondo.finance/assets/slvon,0xF3e4872e6a4cF365888D93b6146a2bAA7348F1A4,https://twitter.com/ondofinance,evm,,,,missing_chain_id
2026-05-31,42ddc40e184549089c9b1517f36f348d,MRVLON,正常,2025-12-01 21:00:00,https://app.ondo.finance/assets/mrvlon,0xF404E5f887dBd5508e16a1198fCDD5DE1A4296B8,https://twitter.com/ondofinance,evm,,,,missing_chain_id
2026-05-31,2def3a542c4c4bfa9e60afd3c1ba993f,GEON,正常,2025-12-01 21:00:00,https://app.ondo.finance/assets/geon,0xD904bCf89B7CedF5c89f9Df7e829191D695F847E,https://twitter.com/ondofinance,evm,,,,missing_chain_id
2026-05-31,1d842777fd0f42cf8d00547292906b62,RLS,正常,2025-12-01 19:00:00,https://rayls.com/,0xB5F7b021a78f470d31D762C1DDA05ea549904fbd,https://twitter.com/RaylsLabs,evm,,,,missing_chain_id
2026-05-31,2be0624987f449b194462de37c60e461,OOB,正常,2025-12-01 18:00:00,https://www.oobit.com/,oobQ3oX6ubRYMNMahG7VSCe8Z73uaQbAWFn6f22XTgo,https://twitter.com/oobit,solana,solana,solana,address_format,
2026-05-31,b937cf80ab53437ca7f0e5a5ead941af,MAP,正常,2025-11-29 15:00:00,https://mapscan.tech/,0x80DAD5C3985aEF54c368F64230CA07768f11C8f6,https://twitter.com/mapscan_,evm,,,,missing_chain_id
2026-05-31,9ea919e4fd2d4d609c621de868420750,TEN,正常,2025-11-27 21:00:00,https://ten.xyz,0xEa9Bb54fC76BfD5DD2FF2f6dA641E78C230bB683,https://x.com/tenprotocol,evm,,,,missing_chain_id
2026-05-31,bffe9ed3d9e941c2acf35181346a6c43,GUA,正常,2025-11-27 18:00:00,https://www.superfortune.xyz/,0xA5C8e1513B6A08334b479fe4D71F1253259469BE,https://twitter.com/SUPERFORTUNE888,evm,,,,missing_chain_id
2026-05-31,e9b92c9a2c4646f98e5429ffaf8b9be6,NSG,正常,2025-11-26 16:00:00,https://nsghub.com/,0x1dFAc989ed67d5a4756D308787239e7A1310aa31,https://x.com/newsociety_comm,evm,,,,missing_chain_id
2026-05-31,7fa0f674f2d64f7bb1ab1d7da67d84bd,LCAP,正常,2025-11-25 22:00:00,https://www.cfbenchmarks.com/data/indices/CFDLCUS_RR_TR,0x4dA9A0f397dB1397902070f93a4D6ddBC0E0E6e8,https://x.com/CFBenchmarks,evm,,,,missing_chain_id
2026-05-31,cd559739e2ef430d92b1279b5391631b,IRYS,正常,2025-11-25 19:03:00,https://irys.xyz/,0x50f41F589aFACa2EF41FDF590FE7b90cD26DEe64,https://twitter.com/irys_xyz,evm,,,,missing_chain_id
2026-05-31,bbf1ff6a6fe045428095a6abdee589a8,MON,正常,2025-11-24 22:05:00,https://www.monad.xyz/,,https://twitter.com/monad,missing,,,,
2026-05-31,cf17eaabad4344f1a330fe64283bd369,SBTC,正常,2025-11-24 22:00:00,https://www.stacks.co/sbtc,SM3VDXK3WZZSA84XXFKAFAF15NNZX32CTSG82JFQ4.sbtc-token::sbtc-token,https://x.com/Stacks,other,,,,
2026-05-31,762392aa8e514ba4a655c640d5d3b396,ARTX,正常,2025-11-21 22:00:00,https://www.ultiland.io/,0x8105743e8A19c915a604D7D9e7aa3A060A4C2c32,https://x.com/ULTILAND,evm,,,,missing_chain_id
2026-05-31,762163b505b0463e87cb9e60943eed16,ADO,正常,2025-11-21 20:00:00,https://www.adoprotocol.com,0xf9902EdfCa4F49DcaEBC335C73aEbD82C79C2886,https://twitter.com/adoprotocol,evm,,,,missing_chain_id
2026-05-31,584f6d90f3ad45859b63b6a5d04cb126,PYBOBO,正常,2025-11-21 18:00:00,http://capybobo.io/,EQD3-DscdjEM95zRmW936vGVr6O7uFJ1W6a8--7-Vg3rtfGy,https://x.com/Capybobo_io,ton,ton,ton,address_format,
2026-05-31,f631101b1d2447c09dbefc0fe92ab27a,BOB,正常,2025-11-20 20:15:00,https://www.gobob.xyz/,0x52B5fB4B0F6572B8C44d0251Cc224513ac5eB7E7,https://x.com/build_on_bob,evm,,,,missing_chain_id
2026-05-31,ce84a6d648d34262a5dcf15f66527045,GAIB,正常,2025-11-19 18:03:00,https://gaib.ai/,0xC19D38925F9F645337B1D1f37bAf3C0647A48E50,https://twitter.com/gaib_ai,evm,,,,missing_chain_id
2026-05-31,2fdcf7134d7848079377679157a36393,CMC20,正常,2025-11-19 16:00:00,https://app.reserve.org/bsc/index-dtf/0x2f8a339b5889ffac4c5a956787cda593b3c36867/overview,0x2f8A339B5889FfaC4c5A956787cdA593b3c36867,https://twitter.com/CoinMarketCap,evm,,,,missing_chain_id
2026-05-31,e2f3b9cc12a3491a832178b620e562be,OPT,正常,2025-11-17 22:00:00,https://optioblockchain.com/,,https://twitter.com/OptioBlockchain,missing,,,,
2026-05-31,2589f19e671c4e6d812a777d8e725e90,RISE,正常,2025-11-17 20:00:00,,0xf25620F89d0e23A8ba7B11aB3235B66268794196,,evm,,,,missing_chain_id
2026-05-31,4f9bacedaa784268a3fb0afee9db4014,67,正常,2025-11-16 12:50:00,https://67coin.com,9AvytnUKsLxPxFHFqS6VLxaxt5p6BhYNr53SD2Chpump,https://twitter.com/67officialpage,solana,solana,solana,address_format,
2026-05-31,da522548a71d435a82e0a4ad4ecd0ccd,BXE,正常,2025-11-15 23:00:00,https://www.banxchange.com,BXE,https://twitter.com/BanXchange,other,,,,
2026-05-31,bd8581a948b54e4f9f97254cff2c2ad9,AIXDROP,正常,2025-11-15 23:00:00,https://www.aixovia.com/,DRoPH9pb1eXQ3VvhwWuP1k5P5R9hkxVmniZCouihxH6w,https://x.com/AiXovia,solana,solana,solana,address_format,
2026-05-31,7b08432c623644099aa2dc0e2a32bb00,OZONE,正常,2025-11-15 19:00:00,http://ozonechain.com/,,https://twitter.com/ozonechain,missing,,,,
2026-05-31,a4d8ddf3e61e4eb79a6fd6ab40aaa7af,MINDHIVE,正常,2025-11-15 17:00:00,https://www.mindhive.network,0xE12Df8C5c290cf1B4D0BcDa59070B894fe008ec0,https://x.com/MindHive_coin,evm,,,,missing_chain_id
2026-05-31,79542e1f8235495a839f2f851bb9a64d,DIN,正常,2025-11-14 20:00:00,https://din.lol,0x3Ab1A5f76E12202d1AD1548A08a799501581Da4E,https://twitter.com/din_lol_,evm,,,,missing_chain_id
2026-05-31,09b573f9d43147a1b4228204246f8dc2,PIEVERSE,正常,2025-11-14 19:03:00,https://www.pieverse.io/,0x0E63B9C287E32A05E6b9AB8ee8dF88A2760225A9,https://x.com/pieverse_io,evm,,,,missing_chain_id
2026-05-31,041924f71958400aa4db5808527c221c,SDB,正常,2025-11-14 17:30:00,https://www.springdevelopmentbank.com,0xd2D21EBC27dc39e188BF51fa28D3d09B93Ab49c8,https://x.com/SpringDevBank,evm,,,,missing_chain_id
2026-05-31,a4199f1daa354acfa862e11347c324c4,PAXI,正常,2025-11-14 17:00:00,https://paxinet.io/,,https://twitter.com/paxiweb3,missing,,,,
2026-05-31,e6906b6d454649e48018a7fb34e594be,EDENA,正常,2025-11-13 19:00:00,https://edenatoken.com,0x618e80a3F00a3907CC021187e9beb73AE4D658A6,https://twitter.com/edenaofficial,evm,,,,missing_chain_id
2026-05-31,a0ff359fbc864b42a755fb9d1e5d0a22,VERDRA,正常,2025-11-13 18:00:00,https://www.ownverdra.com/,0xA678387d47537912275589AFd04a4D4997B43D3a,https://x.com/TheVerdra,evm,,,,missing_chain_id
2026-05-31,56fd8455b17f4e04a4160d3e6303dafe,VFARM,正常,2025-11-13 17:00:00,https://verifarm.network/,0xB1737f8932C245DAcc86dF588A7C2E480F9CE398,https://x.com/VeriFarmGlobal,evm,,,,missing_chain_id
2026-05-31,11f9785f019644769cb4abc4b28e46e3,CHECK,正常,2025-11-13 08:03:00,https://anichess.com,0x9126236476eFBA9Ad8aB77855c60eB5BF37586Eb,https://twitter.com/AnichessGame,evm,,,,missing_chain_id
2026-05-31,89fb6927aaf94b4eaa9a371ed7a819d7,ARX,正常,2025-11-12 18:00:00,https://www.arcs-chain.com/,0x7d8DafF6d70CEAd12c6f077048552Cf89130A2B1,https://twitter.com/ARCS_HQ,evm,,,,missing_chain_id
2026-05-31,d3a38a583253495b950512d53612842c,JUV,正常,2025-11-12 16:00:00,https://www.socios.com/juventus/,0xeAf368DAdC22524deF47E8A1C26bFC17AC16E6F5,https://twitter.com/FanTokens,evm,,,,missing_chain_id
2026-05-31,60a95ee16f684443bcfd4077c0d6f402,ALLO,正常,2025-11-11 21:00:00,https://www.allora.network,0x8408D45b61f5823298F19a09B53b7339c0280489,https://twitter.com/alloranetwork,evm,,,,missing_chain_id
2026-05-31,c18077fc335e48c6a810f6e556bfaeec,JCT,正常,2025-11-10 20:00:00,https://www.janction.ai/home,0xeA37A8DE1de2d9D10772EEB569e28Bfa5Cb17707,https://x.com/JANCTION_Global,evm,,,,missing_chain_id
2026-05-31,270c18cd84614967ab0e99c9cb19b3d5,CC,正常,2025-11-10 15:00:00,https://sync.global,,https://twitter.com/CantonNetwork,missing,,,,
2026-05-31,121dd8e5e501449e9d2acf113606ae26,SPLD,正常,2025-11-08 23:00:00,https://splendor.org/,,https://twitter.com/splendorlabs,missing,,,,
2026-05-31,e32de3b1229b4fb3accbebcc306093ca,SN51,正常,2025-11-07 23:00:00,https://lium.io/,51,https://x.com/lium_io,other,,,,
2026-05-31,67dcd6fe153f4c36993bdcd431b6388d,ELIZAOS,正常,2025-11-07 10:10:00,https://elizaos.ai/,DuMbhu7mvQvqQHGcnikDgb4XegXJRyhUBfdU22uELiZA,https://twitter.com/ElizaEcoFund,solana,solana,solana,address_format,
2026-05-31,7fe28ff021e34641aec246c9314b1770,SN64,正常,2025-11-06 21:00:00,https://chutes.ai,64,https://x.com/chutes_ai,other,,,,
2026-05-31,9c73b07570e04fd7ab04af9dbe7d8da6,FOLKS,正常,2025-11-06 20:03:00,https://xapp.folks.finance/,3203964481,https://x.com/FolksFinance,other,,,,
2026-05-31,ce39ad6a29df49348a8689480ba6082d,UAI,正常,2025-11-06 19:03:00,https://unifai.network,0x3E5d4f8aee0D9B3082d5f6DA5D6e225D17ba9ea0,https://twitter.com/UnifaiNetwork,evm,,,,missing_chain_id
2026-05-31,d72c47151a294ee88468eca50ab15c76,AVICI,正常,2025-11-06 18:30:00,,BANKJmvhT8tiJRsBSS1n2HryMBPvT5Ze4HU95DUAmeta,,solana,solana,solana,address_format,
2026-05-31,8d42df91ba964a02ac8327b07a24348f,LONG,正常,2025-11-06 18:03:00,https://belong.net,0x9Eca8dedb4882BD694aea786C0Cbe770e70D52e3,https://twitter.com/belongnet,evm,,,,missing_chain_id
2026-05-31,89f28ea93be14892adae233ae0795e6d,XP8,正常,2025-11-05 21:00:00,https://www.xplabs.ch/,EQAIK9sA6xo2mM1BybZcuBKbm1j5Ocu0jaeg__Lh7RJ_JuuG,https://x.com/xplabsch,ton,ton,ton,address_format,
2026-05-31,9afc7690481c47309c9209f0da0b6640,SENTIS,正常,2025-11-05 21:00:00,https://sentism.ai,0x8Fd0d741e09a98e82256C63F25f90301eA71A83e,https://twitter.com/Sentism_ai,evm,,,,missing_chain_id
2026-05-31,c98d19bc28d04e1d9f032fcd32fc4b92,BKS,正常,2025-11-05 20:00:00,https://backstage.global/,0xf578c9E57b40A00aEf168774F3e47B04c03BF59a,https://twitter.com/BackstageBks,evm,,,,missing_chain_id
2026-05-31,c7fca7f337ce423e97b489297a471a17,TRUST,正常,2025-11-05 17:00:00,https://www.intuition.systems,0x6cd905dF2Ed214b22e0d48FF17CD4200C1C6d8A3,https://x.com/0xIntuition,evm,,,,missing_chain_id
2026-05-31,d3e823ac96ee4687ba757801b7597c42,PLAI,正常,2025-11-04 20:00:00,https://playai.network/,0x9215e6362F76fc781df00D51293CC7179C6C99A4,https://x.com/playAInetwork,evm,,,,missing_chain_id
2026-05-31,8797a5bf64724ba8a594992b74ad10ff,MMT,正常,2025-11-04 20:00:00,https://www.mmt.finance/,0x35169bc93e1fddfcf3a82a9eae726d349689ed59e4b065369af8789fe59f8608::mmt::MMT,https://twitter.com/MMTFinance,other,,,,
2026-05-31,5c23e333e72a4bf3b907fb2dc1609955,TYCOON,正常,2025-11-04 15:03:00,https://www.dinotycoon.io/,0x915c882e4f67D5FED79889353BFdB0ad213E9b97,https://twitter.com/Dino_Tycoon,evm,,,,missing_chain_id
2026-05-31,35bcbf5c1e4445d59d664b445263e73c,KITE,正常,2025-11-03 21:00:00,https://gokite.ai/,0x904567252D8F48555b7447c67dCA23F0372E16be,https://x.com/GoKiteAI,evm,,,,missing_chain_id
2026-05-31,115d27aef0c74430bbe925e6300b7aa5,TITN,正常,2025-11-03 16:00:00,https://www.thorwallet.org,0xe62bfbE57763ec24c0F130426F34DbCe11Fc5B06,https://twitter.com/thorwallet,evm,,,,missing_chain_id
2026-05-31,4f8603ebcfea47b1a8e68b6a453cc7b1,BEAT,正常,2025-11-01 17:00:00,https://audiera.fi/,0xcf3232B85b43BCa90E51D38cc06Cc8bB8C8A3E36,https://twitter.com/Audiera_web3,evm,,,,missing_chain_id
2026-05-31,70349bec2ab3408d82fb504b439e5147,BAY,正常,2025-11-01 16:03:00,https://marina-protocol.com/,0xA7bef5abd9265Ab97EE43D2fc4A56e0Ba25ACA25,https://twitter.com/MARINA_PROTOCOL,evm,,,,missing_chain_id
2026-05-31,854d3b8a991e4ae79da56da6f76711c2,BULLISH,正常,2025-10-30 21:00:00,https://bullishdegen.com/,C2omVhcvt3DDY77S2KZzawFJQeETZofgZ4eNWWkXpump,https://x.com/solbullishdegen,solana,solana,solana,address_format,
2026-05-31,a999251e4aaa48ce81c847e8226872ec,BOS,正常,2025-10-29 20:00:00,https://bitcoinos.build/,0x13239C268BEDDd88aD0Cb02050D3ff6a9d00de6D,https://x.com/BTC_OS,evm,,,,missing_chain_id
2026-05-31,21312aa9681d48b8997c4eb0c3a494d8,EAT,正常,2025-10-29 19:08:00,https://www.375.ai/,375aiUqZERLrB9sHtsArKr4nuWCgBrtqibUDBMGeLvZC,https://x.com/375ai_,solana,solana,solana,address_format,
2026-05-31,a11deebe5aba4221bccbd8fe6d50e53b,DOP2,正常,2025-10-29 18:00:00,https://dop.org,0xa37DB5456b5938Aa50B33575Ae2eB8048CA5959b,https://twitter.com/dop_org,evm,,,,missing_chain_id
2026-05-31,5c48d4a34e4f4cc6bb42fea7fa88619e,PIGGY,正常,2025-10-28 20:00:00,https://www.piggycell.io/home,0x46345336E7C5C89bd15D557203040f2c1aB4dd18,https://twitter.com/piggycell,evm,,,,missing_chain_id
2026-05-31,90177595861541a99ec0f0c8b9c03459,LUNAM,正常,2025-10-28 20:00:00,https://adlunam.cc/,0x852a1771Cfa50d237026CD4263BfCe6c62D4E908,https://x.com/AdLunamSocial,evm,,,,missing_chain_id
2026-05-31,bdac2dd7d8594c59bd0ffa050878befa,COMMON,正常,2025-10-27 21:00:00,https://common.xyz/,0x4c87da04887a1F9F21F777E3A8dD55C3C9f84701,https://twitter.com/commondotxyz,evm,,,,missing_chain_id
2026-05-31,4c6ee8a48b1b4584bc0206178c6030c7,PEPPER,正常,2025-10-24 22:00:00,https://www.peppercoin.com/,0x60F397acBCfB8f4e3234C659A3E10867e6fA6b67,https://twitter.com/PepperChain,evm,,,,missing_chain_id
2026-05-31,ef5c4bb31f81433aa3d00c5d60b16788,SN75,正常,2025-10-24 19:00:00,https://hippius.com/,75,https://x.com/hippius_subnet,other,,,,
2026-05-31,bfeb557f2160475687bc0049acc86d9d,ON,正常,2025-10-24 18:00:00,https://orochi.network,0x33f6BE84becfF45ea6aA2952d7eF890B44bFB59d,https://twitter.com/OrochiNetwork,evm,,,,missing_chain_id
2026-05-31,e647e8d9fe7c40709c547e1630251aed,AT,正常,2025-10-24 18:00:00,https://www.apro.com/,0x9be61A38725b265BC3eb7Bfdf17AfDFc9d26C130,https://twitter.com/APRO_Oracle,evm,,,,missing_chain_id
2026-05-31,5b8d56269ac0463995b74153eb8700f1,PAYAI,正常,2025-10-24 16:00:00,,PAYmo6moDF3Ro3X6bU2jwe2UdBnBhv8YjLgL1j4DxGu,,solana,solana,solana,address_format,
2026-05-31,86c8bf4e15d14a5db626106a5b8b93b9,MET,正常,2025-10-23 21:05:00,https://www.meteora.ag/,METvsvVRapdj9cFLzq4Tr43xK4tAjQfwX76z3n6mWQL,https://x.com/MeteoraAG,solana,solana,solana,address_format,
2026-05-31,b8d18e27b5b242f38fd9735e332c97a2,TTN,正常,2025-10-23 21:00:00,https://www.toyowtoken.com/,0x225530E4AfCdB5eCcb96AF7a45d94452A10A3879,https://x.com/toyowofficial,evm,,,,missing_chain_id
2026-05-31,2a6882cfd6004c299baad1906322afca,CGN,正常,2025-10-23 20:03:00,https://www.cygnus.finance/,0x2e6C4BD1C947e195645d2B920b827498cfAa6766,https://x.com/CygnusFi,evm,,,,missing_chain_id
2026-05-31,5a62712dec0e463182cc0759fd7d739e,APR,正常,2025-10-23 18:03:00,https://www.apr.io/,0x299AD4299Da5b2b93Fba4c96967B040C7F611099,https://x.com/aPriori,evm,,,,missing_chain_id
2026-05-31,f7ae263402db47febb42c78ebb60c9f3,LMTS,正常,2025-10-23 11:25:00,https://limitless.exchange/advanced,0x9EadbE35F3Ee3bF3e28180070C429298a1b02F93,https://twitter.com/trylimitless,evm,,,,missing_chain_id
2026-05-31,1ed26e10694d48c5a99641468565418e,TURTLE,正常,2025-10-22 21:03:00,https://www.turtle.xyz/,0x66fD8de541c0594b4DccdFc13Bf3a390E50d3Afd,https://x.com/turtledotxyz,evm,,,,missing_chain_id
2026-05-31,c1349803f4e846dab534ad08f1a73379,BLUAI,正常,2025-10-21 19:00:00,https://www.bluwhale.com/,0xf8bfaf1cfefdc539a00e0bc37213c8f339cb411a6b0c4c023ed92f36c68d0fb6::bluwhale_ai::BLUWHALE_AI,https://twitter.com/bluwhaleai,other,,,,
2026-05-31,69e0ff2548984651a9a2ea34d079f26c,MEA,正常,2025-10-21 18:00:00,https://meccain.com/,mecySk7eSawDNfAXvW3CquhLyxyKaXExFXgUUbEZE1T,https://twitter.com/Mecca_Official_,solana,solana,solana,address_format,
2026-05-31,a914111c3aa74b7fbaed8808ca2aeeb5,SIGMA,正常,2025-10-21 15:03:00,https://sigma.money/,0x85375D3e9c4a39350f1140280a8b0De6890A40e7,https://x.com/sigmadotmoney,evm,,,,missing_chain_id
2026-05-31,e7468fc1ca234396aac75c380013752e,SVSA,正常,2025-10-20 17:00:00,https://www.savannasurvival.io/,0x9947d29b1607ea6edb502d7c08d998fbf0ae0ab1,https://x.com/SavannaSurvival,evm,,,,missing_chain_id
2026-05-31,d687db0e95af424ab47c3b5c72ab5fda,RVV,正常,2025-10-18 22:00:00,https://astranova.world/,0x80563Fc2dd549bf36f82d3bF3b970Bb5b08dBDdb,https://x.com/Astra__Nova,evm,,,,missing_chain_id
2026-05-31,a738c9531a3b4758a38677f55c8534d6,ZBT,正常,2025-10-17 19:03:00,https://zerobase.pro,0xfAB99fCF605fD8f4593EDb70A43bA56542777777,https://twitter.com/zerobasezk,evm,,,,missing_chain_id
2026-05-31,e35ae330b6714f6883653c214cd68ec4,RECALL,正常,2025-10-15 20:05:00,https://recall.network/,0x1f16e03C1a5908818F47f6EE7bB16690b40D0671,https://twitter.com/recallnet,evm,,,,missing_chain_id
2026-05-31,017fda47e1fe40228c807df66bbc8c70,WBAI,正常,2025-10-15 20:00:00,https://www.whitebridge.network,0x635d44F246156ed1080CB470877256c847673f19,https://twitter.com/AiWhitebridge,evm,,,,missing_chain_id
2026-05-31,5935b3ab3c1e45ec91849091dafeae3a,YB,正常,2025-10-15 18:00:00,https://yieldbasis.com,0x01791F726B4103694969820be083196cC7c045fF,https://twitter.com/yieldbasis,evm,,,,missing_chain_id
2026-05-31,336da9c8cb184e3781ca3a5a9993b743,LAB,正常,2025-10-14 20:00:00,https://lab.pro/,0x7ec43Cf65F1663F820427C62A5780b8f2E25593A,https://twitter.com/LABtrade_,evm,,,,missing_chain_id
2026-05-31,df8cb61ad1b24e35ab3c59c0c8c81ffd,FLK,正常,2025-10-14 20:00:00,https://fleek.xyz/,0xE0969ec84456b7e4d3Dd2181fB5265EDbB63F7BD,https://twitter.com/fleek,evm,,,,missing_chain_id
2026-05-31,3b92fe5a1325411db55acc23c5cdc3c5,CLO,正常,2025-10-14 19:03:00,https://www.yei.finance/,0x81D3A238b02827F62B9f390f947D36d4A5bf89D2,https://twitter.com/YeiFinance,evm,,,,missing_chain_id
2026-05-31,990ba17503fd4395b2fbe03436001279,COINDEPO,正常,2025-10-14 19:00:00,https://coindepo.com/token,0xb40725714Fe8C547C5b0C1472CBa3554eFa81718,https://twitter.com/DepoCoin,evm,,,,missing_chain_id
2026-05-31,d11826a84c5946919fbcf8ad903aeecc,ENSO,正常,2025-10-14 17:00:00,https://www.enso.build/,0x699F088b5DddcAFB7c4824db5B10B57B37cB0C66,https://x.com/ensobuild,evm,,,,missing_chain_id
2026-05-31,4cf78b8cbe4740a69f1d031de5a4b19c,RAIL,正常,2025-10-10 16:00:00,,0xe76C6c83af64e4C60245D8C7dE953DF673a7A33D,,evm,,,,missing_chain_id
2026-05-31,87fe52f2364f47519e58337d3f5262a9,XMN,正常,2025-10-09 21:00:00,https://www.xmoney.com,0x97c7571f4406cdd7a95f3027075ab80d3e9c937c2a567690d31e14ab1872ccee::xmn::XMN,https://twitter.com/xMoney_com,other,,,,
2026-05-31,8acfef6bd4d24e3eac893f6987f8ff4a,SLIMEX,正常,2025-10-08 16:00:00,https://slimeminer.io/,0x8A063A9ff4dE28dcB87117cc759BE6cE70e09F81,https://twitter.com/Slime_Miner,evm,,,,missing_chain_id
2026-05-31,9c1c69e812914ad78f28a2c191776ec3,KGEN,正常,2025-10-07 21:20:00,https://kgen.io/,0xF3d5b4c34Ed623478cc5141861776E6cf7AE3A1E,https://x.com/KGeN_IO,evm,,,,missing_chain_id
2026-05-31,7a4a1be90b3e4d6192159f44f890af7a,TAIX,正常,2025-10-07 18:00:00,https://taix.ai/,0x3394A562A38CeBd02AFc56380a108BB98C5AC3b7,https://twitter.com/TAIX_AI,evm,,,,missing_chain_id
2026-05-31,b8f2a2c1797441c59f111f17a2c16ce3,币安人生,正常,2025-10-07 12:15:00,,0x924fa68a0FC644485b8df8AbfA0A41C2e7744444,https://twitter.com/1974489756164575458,evm,,,,missing_chain_id
2026-05-31,245d31378fa54ed6a20898fce23ca587,LYN,正常,2025-10-06 15:00:00,https://www.everlyn.ai,0x302DFaF2CDbE51a18d97186A7384e87CF599877D,https://twitter.com/Everlyn_ai,evm,,,,missing_chain_id
2026-05-31,4609719da70043af802a58da4c12f193,CYPR,正常,2025-10-05 17:00:00,https://cypherhq.io/cypr/,0xD262A4c7108C8139b2B189758e8D17c3DFC91a38,https://twitter.com/cypher_hq_?ref=coinmcap,evm,,,,missing_chain_id
2026-05-31,9bbddc769d0040eabd954bbaba3d8c27,EVAA,正常,2025-10-03 18:00:00,https://evaa.finance/,0xaa036928c9c0Df07d525B55ea8EE690Bb5a628C1,https://twitter.com/evaaprotocol,evm,,,,missing_chain_id
2026-05-31,117b84911b08458d90bdfbb10655cceb,PUP,正常,2025-10-03 15:50:00,https://bnbpup.com,0x73b84F7E3901F39FC29F3704a03126D317Ab4444,https://twitter.com/pupbnbchain,evm,,,,missing_chain_id
2026-05-31,600064995ddc478db472f6937ade3a7a,2Z,正常,2025-10-02 20:00:00,https://doublezero.xyz/,J6pQQ3FAcJQeWPPGppWRb4nM8jU3wLyYbRrLh7feMfvd,https://twitter.com/doublezero,solana,solana,solana,address_format,
2026-05-31,c573b9d9f05743cbb7257064a66f823b,TXC,正常,2025-10-02 18:00:00,https://texitcoin.org,,https://twitter.com/texitcoin,missing,,,,
2026-05-31,7379697dee74487d905862414062a471,TRUTH,正常,2025-10-01 20:00:00,https://swarmnetwork.ai/,0x0a48f85a3905cfa49a652bdb074d9e9fabad27892d54afaa5c9e0adeb7ac3cdf::swarm_network_token::SWARM_NETWORK_TOKEN,https://x.com/GetSwarmed,other,,,,
2026-05-31,e277c549593640dba8661ff2f801ed6a,4,正常,2025-10-01 19:00:00,,0x0A43fC31a73013089DF59194872Ecae4cAe14444,https://twitter.com/4onbsc,evm,,,,missing_chain_id
2026-05-31,8fea77b167bc4582a693284cb583f92f,NOM,正常,2025-10-01 14:00:00,https://www.nomina.io,0x6e6F6d696e61decd6605bD4a57836c5DB6923340,https://twitter.com/Nomina,evm,,,,missing_chain_id
2026-05-31,5ffd654c699b48a78b05745e996d2014,VFY,正常,2025-09-30 19:30:00,https://zkverify.io/,,https://twitter.com/ZKVProtocol,missing,,,,
2026-05-31,55620fff8f4e4b66986a1a44872717f4,EDEN,正常,2025-09-30 17:08:00,https://openeden.com/,0x235B6fe22B4642aDa16D311855c49Ce7DE260841,https://x.com/OpenEden_X,evm,,,,missing_chain_id
2026-05-31,c01780bec3aa48eb9331736bdb085b57,FF,正常,2025-09-29 21:00:00,https://falcon.finance/,0xFA1C09fC8B491B6A4d3Ff53A10CAd29381b3F949,https://twitter.com/falconfinance,evm,,,,missing_chain_id
2026-05-31,004db162596f44c393f3f55ea350174e,CES,正常,2025-09-29 21:00:00,https://meta-whale.com/,0x1Bdf71EDe1a4777dB1EebE7232BcdA20d6FC1610,https://twitter.com/metawhalex,evm,,,,missing_chain_id
2026-05-31,918c726106a04bf0a6372e9614b978f7,UCN,正常,2025-09-29 20:00:00,https://uchain.com/en,,https://twitter.com/UChain_Official,missing,,,,
2026-05-31,8003bd6591234c1ebc946e7d5d95da6c,BOBACAT,正常,2025-09-29 18:00:00,https://www.bobacat.io/,0x6eCf5FE60e27cd03ABdBA3a19Af8dC6845A0dA58,https://twitter.com/BobaCatOfficial,evm,,,,missing_chain_id
2026-05-31,fac182315d6d4a14ac3c57c75179b66d,XAN,正常,2025-09-29 17:50:00,https://anoma.net/,0xCEDbEA37C8872c4171259Cdfd5255CB8923Cf8e7,https://twitter.com/anoma,evm,,,,missing_chain_id
2026-05-31,d22bbb7af0a04923ba76d29cea75e962,ELA,正常,2025-09-29 16:00:00,https://elastos.net,,https://twitter.com/ElastosInfo,missing,,,,
2026-05-31,663eb9be27d34a66b66838d537732565,VPEPE,正常,2025-09-28 15:00:00,https://www.villainpepe.com/,EQAITZsV1vXWVoNt__xZi40xh6ung6_unawW3ma1QRKHw06W,https://x.com/VillainPepeMeme,ton,ton,ton,address_format,
2026-05-31,63ddd036df63412a9d3bc664e2e46382,LIGHT,正常,2025-09-27 19:00:00,https://bitlightlabs.com/,0x477C2c0459004E3354Ba427FA285D7C053203c0E,https://twitter.com/BitlightLabs,evm,,,,missing_chain_id
2026-05-31,e539174bf0c04b839a5c2eabf6c0e4a1,GOATED,正常,2025-09-27 17:00:00,https://www.goat.network/,0x5D7909f951436D4e6974D841316057dF3a622962,https://twitter.com/GOATNetwork,evm,,,,missing_chain_id
2026-05-31,13e4e66c6a4946d28ce70f898e01265a,CLASH,正常,2025-09-27 15:50:00,,6nR8wBnfsmXfcdDr1hovJKjvFQxNSidN6XFyfAFZpump,,solana,solana,solana,address_format,
2026-05-31,8555606e49e1407a82c2728138efeeaa,MIRA,正常,2025-09-26 20:00:00,https://mira.network/,0x7AaFD31a321d3627b30A8e2171264B56852187fe,https://twitter.com/miranetwork,evm,,,,missing_chain_id
2026-05-31,87a51a3e6acb4b7d92af8fbd1f85224e,HANA,正常,2025-09-26 19:00:00,https://www.hana.network/,0x6261963EbE9Ff014aAd10eCc3b0238D4D04E8353,https://x.com/HanaNetwork,evm,,,,missing_chain_id
2026-05-31,86376b51f0ca4e6a86885e07605ff144,XPL,正常,2025-09-25 19:52:00,https://www.plasma.to/,,https://twitter.com/Plasma,missing,,,,
2026-05-31,d6b5811aa66c4a46b9c5cd96525c3f17,COAI,正常,2025-09-25 15:00:00,https://chainopera.ai/,0x0A8D6C86e1bcE73fE4D0bD531e1a567306836EA5,https://x.com/ChainOpera_AI,evm,,,,missing_chain_id
2026-05-31,9b0f7fb96fc441279a3b7f6982f0d5f4,DGMA,正常,2025-09-25 15:00:00,http://dagama.world,0x4bdFa27cE379d7601dA1d15bD637a1Cf895fF8fB,https://twitter.com/dagama_world,evm,,,,missing_chain_id
2026-05-31,67343eb8c1f947c9b659c4b4ec5fce09,GAIN,正常,2025-09-24 21:00:00,https://www.griffinai.io/,0xa890F8BA60051ec8a5B528F056DA362Ba208a96F,https://x.com/Griffin_AI,evm,,,,missing_chain_id
2026-05-31,a7d999768add40f6a4e053be733845d8,CARFI,正常,2025-09-24 21:00:00,https://carfi.network/,0xEb3aD5b73F1902A6efD93f5Cd722c99fA59B861E,https://x.com/Carfi_Rwa,evm,,,,missing_chain_id
2026-05-31,2c1c1e9526da405ebc1f8434e567cb1c,PHL,正常,2025-09-23 23:00:00,https://philcoin.io,0x24c80D7F032Bc8D308F10d59e20d5a65b90b7334,https://twitter.com/Philcoin_com,evm,,,,missing_chain_id
2026-05-31,a349042cf6914aa2af79b2b6bf88e12b,RSC,正常,2025-09-23 21:00:00,https://www.researchhub.com/,0xFbB75A59193A3525a8825BeBe7D4b56899E2f7e1,https://x.com/ResearchHub,evm,,,,missing_chain_id
2026-05-31,2eab474d076e40ce9b36a37087e3d16f,NIZA,正常,2025-09-23 17:00:00,https://nizaecosystem.com/,0x3065930e06307eeCF872304299cE9be2a2F6bCe0,https://twitter.com/nizaecosystem,evm,,,,missing_chain_id
2026-05-31,71cd0eba2a3d476ca1c119f9d7d4acab,BLESS,正常,2025-09-23 17:00:00,https://bless.network/,A1t2UviBYwyfYZDJyKY2W6Td8ritgsCriUDuNaAQN49S,https://twitter.com/theblessnetwork,solana,solana,solana,address_format,
2026-05-31,4d6fab581194463f97d3fa1060daf9f3,OPENX,正常,2025-09-22 23:00:00,https://openxai.org/,0xA66B448f97CBf58D12f00711C02bAC2d9EAC6f7f,https://twitter.com/OpenxAINetwork,evm,,,,missing_chain_id
2026-05-31,0565b694433242fe962406c9646c2c92,0G,正常,2025-09-22 18:00:00,https://www.0gfoundation.ai/,,https://twitter.com/0g_foundation,missing,,,,
2026-05-31,c30542ffe60f4412b2adf22d843a6b0f,RIVER,正常,2025-09-22 17:03:00,https://app.river.inc/,0xdA7AD9dea9397cffdDAE2F8a052B82f1484252B3,https://twitter.com/RiverdotInc,evm,,,,missing_chain_id
2026-05-31,ff205f35f686414491e83810b8cc6a53,NUMI,正常,2025-09-22 15:00:00,https://numine.io/,0xC61eb549Acf4A05Ed6e3Fe0966f5e213b23541cE,https://twitter.com/numineverse,evm,,,,missing_chain_id
2026-05-31,bb718980adea45109fe0980769302a5b,GIGGLE,正常,2025-09-22 12:25:00,https://giggletoken.com/,0x20d6015660b3fe52e6690a889b5C51F69902cE0e,https://twitter.com/GiggleFundBSC,evm,,,,missing_chain_id
2026-05-31,1756c683e5024403ad0f4adb0ad671fe,AMORE,正常,2025-09-19 18:00:00,https://amorecoin.love,EQC7js8NLX3v57ZuRmuusNtMSBdki4va_qyL7sAwdmosf_xK,https://x.com/AmoreCoin,ton,ton,ton,address_format,
2026-05-31,6c680c1c9a7549578c41ff66ee558bfe,ASTER,正常,2025-09-19 11:35:00,https://www.asterdex.com/,0x000Ae314E2A2172a039B26378814C252734f556A,https://twitter.com/Aster_DEX,evm,,,,missing_chain_id
2026-05-31,9b10b738991e4df4b8ffd581744cb785,MVRK,正常,2025-09-18 21:00:00,https://mavryk.org,,https://twitter.com/MavrykNetwork,missing,,,,
2026-05-31,e970bd0a3dde446d8309f625e8dea17d,LBTC,正常,2025-09-18 19:00:00,https://www.lombard.finance/,0x8236a87084f8B84306f72007F36F2618A5634494,https://twitter.com/lombard_finance,evm,,,,missing_chain_id
2026-05-31,638c711aff784b8ea24f4670a655fda6,BARD,正常,2025-09-18 19:00:00,https://www.lombard.finance/,0xf0DB65D17e30a966C2ae6A21f6BBA71cea6e9754,https://x.com/lombard_finance,evm,,,,missing_chain_id
2026-05-31,ddcfeb4b897a4a6ca50f330336a1747f,AIA,正常,2025-09-18 16:00:00,https://deagent.ai,0x99cc0e7834326ec6ac571421e9b8e042e9eb63062771c77ac592bd194180b5da::deagent_token::DEAGENT_TOKEN,https://twitter.com/DeAgentAI,other,,,,
2026-05-31,8fda64cb636540438907b50564888707,ONI,正常,2025-09-17 18:00:00,https://www.onino.foundation/,,https://twitter.com/onino_io,missing,,,,
2026-05-31,72af7164c15a41978e616585f2cb4cd0,STBL,正常,2025-09-16 22:20:00,https://www.stbl.com/,0x8dEdf84656fa932157e27C060D8613824e7979e3,https://twitter.com/stbl_official,evm,,,,missing_chain_id
2026-05-31,cfc6ab72da634039b404b21698d28b5f,XL1,正常,2025-09-16 21:00:00,https://xyo.network,0xf72aE3E0DA743033AbD7A407557D684c1aE66aed,https://twitter.com/OfficialXYO,evm,,,,missing_chain_id
2026-05-31,05c4697cf36d49ccb2c0dc8a7618a010,POLYX,正常,2025-09-16 20:00:00,https://polymesh.network/,,https://twitter.com/PolymeshNetwork,missing,,,,
2026-05-31,653fc78408f9412991e4598d2fcdea9f,ETAN,正常,2025-09-16 17:00:00,https://www.etarn.io/en,0xe5E1A0a43f307F390887E2a17399172F3F9a3caB,https://twitter.com/Etarn2025,evm,,,,missing_chain_id
2026-05-31,48059aa053804756b7dbba292f58e620,ZKC,正常,2025-09-15 22:00:00,https://boundless.network/,0x000006c2A22ff4A44ff1f5d0F2ed65F781F55555,https://twitter.com/boundless_xyz,evm,,,,missing_chain_id
2026-05-31,471357ac0e344f91bb7b729db75866f0,SKY,正常,2025-09-15 16:00:00,https://sky.money/,0x56072C95FAA701256059aa122697B133aDEd9279,https://twitter.com/SkyEcosystem,evm,,,,missing_chain_id
2026-05-31,723e6daa3a72485cb5de4362fcf68b87,COLS,正常,2025-09-15 15:00:00,https://www.cointel.io/en,0x97f2624D5f99A953AE5574ea57d3268785941DE4,https://twitter.com/Cointel_io,evm,,,,missing_chain_id
2026-05-31,ea1868222c334f86a81236805a4d6e82,TLTON,正常,2025-09-12 22:30:00,https://app.ondo.finance/assets/tlton,0x992651BFeB9A0DCC4457610E284ba66D86489d4d,https://twitter.com/ondofinance,evm,,,,missing_chain_id
2026-05-31,f8c5fdbd10924a77b2e9cc419a6c224d,INTCON,正常,2025-09-12 22:30:00,https://app.ondo.finance/assets/intcon,0xFdA09936DbD717368De0835bA441d9E62069d36f,https://twitter.com/ondofinance,evm,,,,missing_chain_id
2026-05-31,5e95eee896904570986447cf9ca9fc70,HIMSON,正常,2025-09-12 22:30:00,https://app.ondo.finance/assets/himson,0xCa468554e5C0423Ee858fe3942c9568C51FcAa79,https://twitter.com/ondofinance,evm,,,,missing_chain_id
2026-05-31,2b315eb0f60e49f3901ba2fd9e1fef81,SNOWON,正常,2025-09-12 22:30:00,https://app.ondo.finance/assets/snowon,0x5D1a9a9B118fF19721e0111f094f2360b6Ef7A2f,https://twitter.com/ondofinance,evm,,,,missing_chain_id
2026-05-31,2bc29aba86714b84986d6fe941d1e2c1,QCOMON,正常,2025-09-12 22:00:00,https://app.ondo.finance/assets/qcomon,0xE3419710c1f77D44B4DaB02316d3f048818C4E59,https://twitter.com/ondofinance,evm,,,,missing_chain_id
2026-05-31,0b9ab138b64242dba92a6ab5afb5a7ac,MUON,正常,2025-09-12 22:00:00,https://app.ondo.finance/assets/muon,0x050362Ab1072Cb2Ce74d74770E22A3203Ad04ee5,https://twitter.com/ondofinance,evm,,,,missing_chain_id
2026-05-31,01d96aa6ca6343abb8eeed4a322419f3,ADBEON,正常,2025-09-12 22:00:00,https://app.ondo.finance/assets/adbeon,0x7042a8fFc7c7049684BfBc2fcb41b72380755a43,https://twitter.com/ondofinance,evm,,,,missing_chain_id
2026-05-31,b857f13394fa4027b6f92d644740a12b,SHOPON,正常,2025-09-12 22:00:00,https://app.ondo.finance/assets/shopon,0x908266C1192628371Cff7AD2F5Eba4dE061a0ac5,https://twitter.com/ondofinance,evm,,,,missing_chain_id
2026-05-31,c1d68f413be149c0aaca044a109be471,ARMON,正常,2025-09-12 22:00:00,https://app.ondo.finance/assets/armon,0x5Bf1b2A808598C0eF4Af1673a5457d86fE6d7B3d,https://twitter.com/ondofinance,evm,,,,missing_chain_id
2026-05-31,34d5ccdc08ce4ddb9f283f0781cbaffd,UBERON,正常,2025-09-12 21:30:00,https://app.ondo.finance/assets/uberon,0x5Bcd8195E3Ef58f677aeF9eBC276B5087c027050,https://twitter.com/ondofinance,evm,,,,missing_chain_id
2026-05-31,5de8a7b8a0134e2da996fe567c3c5378,AMDON,正常,2025-09-12 21:30:00,https://app.ondo.finance/assets/amdon,0x0C1f3412A44Ff99E40bF14e06e5Ea321aE7B3938,https://twitter.com/ondofinance,evm,,,,missing_chain_id
2026-05-31,b08aed1144dc4fc7b7697039c2fae335,TSMON,正常,2025-09-12 21:30:00,https://app.ondo.finance/assets/tsmon,0x3Cafdbfe682aec17d5acE2f97A2f3ab3dCf6a4A9,https://twitter.com/ondofinance,evm,,,,missing_chain_id
2026-05-31,97366a358b2240e691a8956535dc4cdb,ORCLON,正常,2025-09-12 21:30:00,https://app.ondo.finance/assets/orclon,0x8a23C6BaadB88512b30475C83Df6A63881e33e1E,https://twitter.com/ondofinance,evm,,,,missing_chain_id
2026-05-31,8eadb6ec77b54637a823e36c16a89f27,ASMLON,正常,2025-09-12 21:30:00,https://app.ondo.finance/assets/asmlon,0xE51bA774ebF6392c45Bf1d9E6b334d07992460d3,https://twitter.com/ondofinance,evm,,,,missing_chain_id
2026-05-31,f820e05c2ca7455e8213987238979120,DEFACTOR,正常,2025-09-12 18:00:00,t.co/PGcBLpXFz1,0x0b0E6E32E4d69cB418630163574959108EdCB80E,https://x.com/defactor_,evm,,,,missing_chain_id
2026-05-31,254b4d8813d84fe39b57a4faaaf3cefb,UB,正常,2025-09-12 16:00:00,https://unibase.com/,0x6944E1DF6Bf5972305f9Ab25dF47ef10De01bcc8,https://twitter.com/unibase_ai,evm,,,,missing_chain_id
2026-05-31,a593cdd409eb478998a2f34885e46170,NETX,正常,2025-09-12 13:00:00,https://www.netx.world/,0x4c32964715e9a42F8d119bFA8917d57822d3aDF1,https://twitter.com/netx_world,evm,,,,missing_chain_id
2026-05-31,dc12bde116b04b7cb35d926de6863355,HOLO,正常,2025-09-11 18:38:00,https://holoworld.com/,0x1a5D7E4c3A7F940B240b7357a4bFED30D17f9497,https://x.com/holoworldai,evm,,,,missing_chain_id
2026-05-31,4f30f813ad2e42e9b05e90ca08b815e5,LINEA,正常,2025-09-10 22:26:00,https://linea.build/association,0x1789e0043623282D5DCc7F213d703C6D8BAfBB04,https://twitter.com/LineaAssoc,evm,,,,missing_chain_id
2026-05-31,75cde9ced78543bc8f8879f035d072c9,BABYBONK,正常,2025-09-10 19:00:00,https://babybonkcoin.io/,0x180b25beb6c84c2b3855E630d50C965425Fb5de2,https://twitter.com/BabyBonkCoin,evm,,,,missing_chain_id
2026-05-31,28583e834b2549adbd6ed118fd9f026f,RAIN,正常,2025-09-10 18:00:00,https://www.rain.one,0x25118290e6A5f4139381D072181157035864099d,https://x.com/Rain__Protocol,evm,,,,missing_chain_id
2026-05-31,175159c5911343eda96a466c1aae9794,IXFI,正常,2025-09-10 01:00:00,https://www.ixfi.com/,0xeB32e776b75707487D044c5B75462a11f72B905C,https://x.com/ixfiexchange,evm,,,,missing_chain_id
2026-05-31,861cd75602044d2d99ae1360b024b957,QQQON,正常,2025-09-09 23:00:00,https://app.ondo.finance/assets/qqqon,0x0e397938C1Aa0680954093495B70A9F5e2249aBa,https://twitter.com/ondofinance,evm,,,,missing_chain_id
2026-05-31,027b74e81f9541a1b52c6d4c7511d528,SPYON,正常,2025-09-09 23:00:00,https://app.ondo.finance/assets/spyon,0xFeDC5f4a6c38211c1338aa411018DFAf26612c08,https://twitter.com/ondofinance,evm,,,,missing_chain_id
2026-05-31,6a009203213c417482dcd5ffdd48ca41,SBETON,正常,2025-09-09 23:00:00,https://app.ondo.finance/assets/sbeton,0xfDb46864A7C476F0914c5E82CdED3364a9F56F8a,https://twitter.com/ondofinance,evm,,,,missing_chain_id
2026-05-31,d88a13365b9842e09daaf28175296f88,FIGON,正常,2025-09-09 23:00:00,https://app.ondo.finance/assets/figon,0x073E7a0669833d356fa88ca65CC6D454EFaAa3c5,https://twitter.com/ondofinance,evm,,,,missing_chain_id
2026-05-31,a161e5a2f9a54f7c91ad9f35f1378792,RDDTON,正常,2025-09-09 22:30:00,https://app.ondo.finance/assets/rddton,0xA9431d354cFAD3c6B76E50f0e73b43D48Be80CD0,https://twitter.com/ondofinance,evm,,,,missing_chain_id
2026-05-31,d236c5a205aa47d69b68f1744620be38,GMEON,正常,2025-09-09 22:30:00,https://app.ondo.finance/assets/gmeon,0x71d24Baeb0A033ec5F90FF65C4210545AF378D97,https://twitter.com/ondofinance,evm,,,,missing_chain_id
2026-05-31,bfa9ebd3619749f689bfe8db56131690,FUTUON,正常,2025-09-09 22:30:00,https://app.ondo.finance/assets/futuon,0x5Ce215d9c37a195DF88e294a06B8396C296B4e15,https://twitter.com/ondofinance,evm,,,,missing_chain_id
2026-05-31,4c1487ac2d8146c0b84617bbe35c3eb2,JDON,正常,2025-09-09 22:00:00,https://app.ondo.finance/assets/jdon,0xdeB6B89088cA9B7d7756087c8a0F7C6DF46f319C,https://twitter.com/ondofinance,evm,,,,missing_chain_id
2026-05-31,bca6dec507b64707b7e3fe69cfffea43,ABNBON,正常,2025-09-09 22:00:00,https://app.ondo.finance/assets/abnbon,0xb035c3d5083bdc80074F380aeBc9Fcb68aBa0A28,https://twitter.com/ondofinance,evm,,,,missing_chain_id
2026-05-31,4afc02d8a402451881bd921faa87c0ba,IAUON,正常,2025-09-09 22:00:00,https://app.ondo.finance/assets/iauon,0x4f0CA3df1c2e6b943cf82E649d576ffe7B2fABCF,https://twitter.com/ondofinance,evm,,,,missing_chain_id
2026-05-31,facce89cbf9d482eb9ad4af19c4ebbfb,MSTRON,正常,2025-09-09 21:30:00,https://app.ondo.finance/assets/mstron,0xCabD955322dfbf94C084929ac5E9Eca3fEB5556F,https://twitter.com/ondofinance,evm,,,,missing_chain_id
2026-05-31,063e25f053aa4686af3d74469df7f84a,SPOTON,正常,2025-09-09 21:30:00,https://app.ondo.finance/assets/spoton,0x590F21186489cA1612f49a4B1ff5c66acD6796A9,https://twitter.com/ondofinance,evm,,,,missing_chain_id
2026-05-31,babc1622d44b4cf4a95175d080105c25,PEPON,正常,2025-09-09 21:30:00,https://app.ondo.finance/assets/pepon,0x3cE219D498D807317F840f4CB0f03FA27dd65046,https://twitter.com/ondofinance,evm,,,,missing_chain_id
2026-05-31,a52431edba6c4b69be0c12420f45d0e4,AVNT,正常,2025-09-09 21:00:00,https://www.avantisfi.com/,0x696F9436B67233384889472Cd7cD58A6fB5DF4f1,https://twitter.com/avantisfi,evm,,,,missing_chain_id
2026-05-31,96d1de03793649cfba53aa48d880cfee,ART,正常,2025-09-09 20:00:00,https://liveart.io/,0x4DEC3139f4A6c638E26452d32181fe87A7530805,https://x.com/LiveArtX,evm,,,,missing_chain_id
2026-05-31,7b33b684a82548c49fad6812845670da,BABAON,正常,2025-09-08 23:00:00,https://app.ondo.finance/assets/babaon,0x41765F0FCddC276309195166C7A62AE522FA09ef,https://twitter.com/ondofinance,evm,,,,missing_chain_id
2026-05-31,e8306ad7e1024dcc8526784860fd356f,ACNON,正常,2025-09-08 23:00:00,https://app.ondo.finance/assets/acnon,0xAbA9Ae731Aad63335C604E5f6E6A5db2e05f549d,https://twitter.com/ondofinance,evm,,,,missing_chain_id
2026-05-31,ad086d46ee8b44be8d0e26406829a59f,ABTON,正常,2025-09-08 23:00:00,https://app.ondo.finance/assets/abton,0x3859385363f7BB4Dfe42811cCF3F294FcD41dd1D,https://twitter.com/ondofinance,evm,,,,missing_chain_id
2026-05-31,f3e6429c304341e39b4886b0027123e5,UNHON,正常,2025-09-08 22:30:00,https://app.ondo.finance/assets/unhon,0x075756F3b6381a79633438fAA8964946bf40163d,https://twitter.com/ondofinance,evm,,,,missing_chain_id
2026-05-31,6e7edf2d7b1e4c5796fc9f980c527284,PLTRON,正常,2025-09-08 22:30:00,https://app.ondo.finance/assets/pltron,0x0c666485b02F7A87d21AdD7AEb9F5e64975AA490,https://twitter.com/ondofinance,evm,,,,missing_chain_id
2026-05-31,06d4710265264e4f944ca96bdff99f76,CSCOON,正常,2025-09-08 22:30:00,https://app.ondo.finance/assets/cscoon,0x980a1001ee94e54142b231f44C7CA7c9DF71FBe1,https://twitter.com/ondofinance,evm,,,,missing_chain_id
2026-05-31,931aab1f63bb414aa20980acb7fe39c2,NFLXON,正常,2025-09-08 22:00:00,https://app.ondo.finance/assets/nflxon,0x032deC3372F25C41EA8054B4987a7c4832CDB338,https://twitter.com/ondofinance,evm,,,,missing_chain_id
2026-05-31,0dbb5d812b3448ccb078633c1ddc3252,MAON,正常,2025-09-08 22:00:00,https://app.ondo.finance/assets/maon,0xA29dC2102dfc2a0A4A5dCb84Af984315567c9858,https://twitter.com/ondofinance,evm,,,,missing_chain_id
2026-05-31,f302f6e8b72e473ea55c6d5fd8e3d7c4,VON,正常,2025-09-08 22:00:00,https://app.ondo.finance/assets/von,0xaC37c20C1d0E5285035e056101a64e263Ff94a41,https://twitter.com/ondofinance,evm,,,,missing_chain_id
2026-05-31,16d55e1120af4b4f990fd4f0dd0b2175,MSFTON,正常,2025-09-08 21:30:00,https://app.ondo.finance/assets/msfton,0xB812837b81a3a6b81d7CD74CfB19A7f2784555E5,https://twitter.com/ondofinance,evm,,,,missing_chain_id
2026-05-31,325eef92cac44568a7af9fbdab77fe1e,LLYON,正常,2025-09-08 21:30:00,https://app.ondo.finance/assets/llyon,0xf192957AE52dB3eb088654403CC2eDeD014ae556,https://twitter.com/ondofinance,evm,,,,missing_chain_id
2026-05-31,6cebe45f47ba497db12a179fa71f9dd9,AVGOON,正常,2025-09-08 21:30:00,https://app.ondo.finance/assets/avgoon,0x0d54D4279B9E8c54cD8547c2C75A8Ee81A0BcaE8,https://twitter.com/ondofinance,evm,,,,missing_chain_id
2026-05-31,47e2f996377c4f998577b1514495ba2a,MIRROR,正常,2025-09-08 21:00:00,https://www.blackmirrorclub.com/,0xe1bfA25468AF64e366ddAFC9D91bCc6c97439A14,https://twitter.com/blackmirror_xp,evm,,,,missing_chain_id
2026-05-31,1fc22a8bdf3b491a9c90c7add5c9c4e6,OPEN,正常,2025-09-08 19:00:00,https://www.openledger.xyz/,0xA227Cc36938f0c9E09CE0e64dfab226cad739447,https://x.com/Openledgerhq,evm,,,,missing_chain_id
2026-05-31,2a8ed21823be4280bf65fd00851a75e2,KTA,正常,2025-09-07 17:00:00,https://keeta.com/,0xc0634090F2Fe6c6d75e61Be2b949464aBB498973,https://twitter.com/KeetaNetwork,evm,,,,missing_chain_id
2026-05-31,0d13fc754f694602a0bed6b0fa22706e,OHO,正常,2025-09-05 13:00:00,https://onfa.io/,0xe340a07E5C02BAe32f3265dDFe1BEa52FF217cAE,https://x.com/onfaofficial,evm,,,,missing_chain_id
2026-05-31,58dbf597f89b47af8a7f0afb5ab2e085,TRADOOR,正常,2025-09-04 20:00:00,https://tradoor.io/,0x9123400446a56176Eb1B6BE9ee5CF703e409F492,https://x.com/tradoor_io,evm,,,,missing_chain_id
2026-05-31,a7ed8c0396cc4189a58dfad7f678b115,GATA,正常,2025-09-04 18:03:00,https://www.gata.net,0x46Ee3BFC281d59009cCD06F1dD6aBDbfCd82FFC3,https://twitter.com/Gata_xyz,evm,,,,missing_chain_id
2026-05-31,0364053a95a343bcb3b70628b5e9a1ab,ZCHF,正常,2025-09-04 18:00:00,https://frankencoin.com,0xB58E61C3098d85632Df34EecfB899A1Ed80921cB,https://twitter.com/frankencoinzchf,evm,,,,missing_chain_id
2026-05-31,7cc7d0ea31af478fb4da6d7e73216e93,UNION,正常,2025-09-04 17:00:00,https://union.build/,0xba5eD44733953d79717F6269357C77718C8Ba5ed,https://twitter.com/union_build,evm,,,,missing_chain_id
2026-05-31,2fe18081e4814eaba03561bb5ae8f41e,MCDON,正常,2025-09-03 23:30:00,https://app.ondo.finance/assets/mcdon,0x4C82c8cD9a218612DCe60b156B73A36705645e3b,https://twitter.com/ondofinance,evm,,,,missing_chain_id
2026-05-31,e3128e2a0e23425a91257d290b7e7ac0,CRCLON,正常,2025-09-03 23:30:00,https://app.ondo.finance/assets/crclon,0x3632DEa96A953C11dac2f00b4A05a32CD1063fAE,https://twitter.com/ondofinance,evm,,,,missing_chain_id
2026-05-31,a33158290d604699b2444713d916f119,OVPP,正常,2025-09-03 23:00:00,https://openvpp.energy/,0x8C0d3ADCF8Ce094E1aE437557Ec90A6374dC9BDD,https://twitter.com/OpenVPP,evm,,,,missing_chain_id
2026-05-31,ea0d34364f8e4532af4a6799454d48f0,HOODON,正常,2025-09-03 23:00:00,https://app.ondo.finance/assets/hoodon,0x998f02A9E343EF6E3E6f28700d5A20F839fD74E6,https://twitter.com/ondofinance,evm,,,,missing_chain_id
2026-05-31,f37182b8eac04d81ac856fcda580625d,COINON,正常,2025-09-03 23:00:00,https://app.ondo.finance/assets/coinon,0xF042cfa86cf1D598a75Bdb55c3507a1F39f9493b,https://twitter.com/ondofinance,evm,,,,missing_chain_id
2026-05-31,9791a08491fd44bcb65e965b77a2f43e,GOOGLON,正常,2025-09-03 22:30:00,https://app.ondo.finance/assets/googlon,0xbA47214eDd2bb43099611b208f75E4b42FDcfEDc,https://twitter.com/ondofinance,evm,,,,missing_chain_id
2026-05-31,872a9b448c8f4358bafe36c1c98257b9,METAON,正常,2025-09-03 22:30:00,https://app.ondo.finance/assets/metaon,0x59644165402b611b350645555B50Afb581C71EB2,https://twitter.com/ondofinance,evm,,,,missing_chain_id
2026-05-31,dcbdbe4801404ca6958d0d1fbe07666a,AMZNON,正常,2025-09-03 22:00:00,https://app.ondo.finance/assets/amznon,0xbb8774FB97436d23d74C1b882E8E9A69322cFD31,https://twitter.com/ondofinance,evm,,,,missing_chain_id
2026-05-31,775f9989a4a04e7989987aaa3147f16b,AAPLON,正常,2025-09-03 22:00:00,https://app.ondo.finance/assets/aaplon,0x14c3abF95Cb9C93a8b82C1CdCB76D72Cb87b2d4c,https://twitter.com/ondofinance,evm,,,,missing_chain_id
2026-05-31,408e1814ad3b44c4b27711be755371c4,TSLAON,正常,2025-09-03 21:30:00,https://app.ondo.finance/assets/tslaon,0xf6b1117ec07684D3958caD8BEb1b302bfD21103f,https://twitter.com/ondofinance,evm,,,,missing_chain_id
2026-05-31,bba2631b3bbb4f8b8568d95d0cafc985,NVDAON,正常,2025-09-03 21:30:00,https://app.ondo.finance/assets/nvdaon,0x2D1F7226Bd1F780AF6B9A49DCC0aE00E8Df4bDEE,https://twitter.com/ondofinance,evm,,,,missing_chain_id
2026-05-31,fd6911d0c80b4576bba2c0d556b377e3,PTB,正常,2025-09-03 19:45:00,https://www.portaltobitcoin.com,0x30a25CC9c9EADe4D4d9e9349BE6e68c3411367D3,https://twitter.com/portaltobitcoin,evm,,,,missing_chain_id
2026-05-31,0ff76e1361184804b8dc5796db4dc163,CARDS,正常,2025-09-03 11:45:00,,CARDSccUMFKoPRZxt5vt3ksUbxEFEcnZ3H2pd3dKxYjp,,solana,solana,solana,address_format,
2026-05-31,aa75159d84eb424e885e636a5bdd6247,SOMI,正常,2025-09-02 22:25:00,https://somnia.network/,,https://twitter.com/somnia_network,missing,,,,
2026-05-31,340b7937947b46dd8ed627fac2f82ee0,Q,正常,2025-09-02 15:00:00,https://quackai.ai/,0xc07e1300dc138601FA6B0b59f8D0FA477e690589,https://x.com/QuackAI_AI,evm,,,,missing_chain_id
2026-05-31,00a5c63e5b7c4330bb935a5823bc68f5,WLFI,正常,2025-09-01 20:01:00,https://www.worldlibertyfinancial.com/,0xdA5e1988097297dCdc1f90D4dFE7909e847CBeF6,https://twitter.com/worldlibertyfi,evm,,,,missing_chain_id
2026-05-31,cefec32be0c94207a4284d689595ef24,FOREST,正常,2025-09-01 18:03:00,https://forest.inc,0x11cf6bF6D87CB0EB9c294fd6CBFEC91EE3a1A7D0,https://twitter.com/ProtocolForest,evm,,,,missing_chain_id
2026-05-31,a6d2085602db4566aabc1ae58dd756e3,NTH,正常,2025-08-29 18:00:00,https://nthchain.io/,0x671b710a006040Cd82a8070aBd497a7215ce6F67,https://x.com/nthchain,evm,,,,missing_chain_id
2026-05-31,b63d2393fd8441bb80ff98a9c6ab54ae,XLAB,正常,2025-08-29 15:15:00,https://www.dexlab.space/,XLnpFRQ3rSWupCRjuQfx74mgVoT3ezVJKE1CogRZxhH,https://twitter.com/Dexlab_official,solana,solana,solana,address_format,
2026-05-31,e4ee78b8997f4580a1b913f011bf1a0b,HEMI,正常,2025-08-29 12:03:00,https://hemi.xyz,0x5fFD0EAdc186AF9512542d0d5e5eAFC65d5aFc5B,https://twitter.com/hemi_xyz,evm,,,,missing_chain_id
2026-05-31,d317a3c550a9490bafc6912fe6fd0661,MITO,正常,2025-08-28 22:02:00,https://mitosis.org/,0x8e1e6BF7E13C400269987B65Ab2b5724b016CaEF,https://twitter.com/MitosisOrg,evm,,,,missing_chain_id
2026-05-31,9959cbdd8a0c4c8e8683ff8b8c16e04a,XRB,正常,2025-08-28 18:00:00,https://orobit.ai/home,0xe3338e684c636e913763a2e369455eA3E7AEce70,https://x.com/OroBit_Official,evm,,,,missing_chain_id
2026-05-31,839d184f9a784af0aafe9d9b033ec6a6,SUNRISE,正常,2025-08-27 23:00:00,https://sunriselayer.io/,urise,https://twitter.com/SunriseLayer,other,,,,
2026-05-31,c927a5233c0a4c5993f0d280f23a47b7,AI3,正常,2025-08-27 22:00:00,https://www.autonomys.xyz/,,https://twitter.com/AutonomysNet,missing,,,,
2026-05-31,148ff5ea04dd4be4840dc4e4e4a9e767,BTR,正常,2025-08-27 18:02:00,https://www.bitlayer.org/,0x0e4cf4affdb72b39ea91fa726d291781cbd020bf,https://x.com/BitLayerLabs,evm,,,,missing_chain_id
2026-05-31,511b908b6d4847f0b0df50a5eb4d11f8,PECH,正常,2025-08-27 18:00:00,https://pepecash.live/,0xD63143F1EC2EAf65329fB2B67B6F50E457b49719,https://twitter.com/pepecash_x,evm,,,,missing_chain_id
2026-05-31,2f98d7dcdbde4e86a80fe65e9d8e8d89,CAMP,正常,2025-08-27 17:00:00,https://www.campnetwork.xyz/,0x84EAac1B2dc3f84D92Ff84c3ec205B1FA74671fC,https://x.com/Camp_FND,evm,,,,missing_chain_id
2026-05-31,55734a0a34d244c4ada42a0ed031899f,MBOOM,正常,2025-08-27 16:00:00,https://melosboom.ai/,0x7aC2B2378608B090f9d54742B9b2391876fC01f4,https://x.com/MelosBoom,evm,,,,missing_chain_id
2026-05-31,51aae92bbfb948348b007784cc767cb2,DRG,正常,2025-08-26 19:00:00,https://dragonswap.app/,0x0a526e425809aEA71eb279d24ae22Dee6C92A4Fe,https://x.com/dragonswap_dex,evm,,,,missing_chain_id
2026-05-31,b32e419e65f948288a0f29908646ebe3,MTP,正常,2025-08-25 22:00:00,https://multiple.cc/,0x83330d159c9a4b09e6717feefef7a634b70d216a,https://twitter.com/MTP_Network,evm,,,,missing_chain_id
2026-05-31,06f22ab281c44564b087913b3dcbfd64,TAKE,正常,2025-08-25 20:00:00,https://overtake.world/,0x76a49ebaf991fa2d4cb6a352af14425d453fe2ba6802b5ed2361b227150b6689::take::TAKE,https://x.com/overtake_world,other,,,,
2026-05-31,9baa91cd6f924e3a8dadcea44effda89,WOLFTON,正常,2025-08-24 15:00:00,https://www.wolfonton.xyz/,EQATUaH1RszAxpEFMzPA0N7uwOxLVNH5pTOsxanx3KHBRSLQ,https://x.com/WolfonTon_x,ton,ton,ton,address_format,
2026-05-31,212e3b6c570c411d94c0e70fa6950322,XPIN,正常,2025-08-22 22:00:00,https://www.xpin.network,0xD955c9bA56Fb1AB30e34766e252A97ccCE3D31A6,https://twitter.com/XPINNetwork,evm,,,,missing_chain_id
2026-05-31,bd930ad2adad441684d45d6380a87af2,ARIA,正常,2025-08-21 21:00:00,https://www.playariagame.com,0x5d3A12c42E5372B2CC3264AB3cdcF660a1555238,https://twitter.com/PlayAriaGame,evm,,,,missing_chain_id
2026-05-31,c20d4f570e2148c3b3d3a77a75773103,AKE,正常,2025-08-21 20:00:00,https://learn.akedo.fun,0x2c3a8Ee94dDD97244a93Bc48298f97d2C412F7Db,https://twitter.com/akedofun,evm,,,,missing_chain_id
2026-05-31,5a41a0e5db8b49c0b8f3d3546ccb00b3,MINDFAK,正常,2025-08-21 17:00:00,https://mindfak.com,0x78cBEC65c55F143a9178b63243119806a659D2EF,https://twitter.com/mindfak_mf,evm,,,,missing_chain_id
2026-05-31,16000839bddb4f4aafd1ca73876629e3,GXT,正常,2025-08-21 16:00:00,https://gamex.tokyo/,FAwcjs9BKzyBfM9AMe5axNL6xMvDc1Gsey1TbXQFzBKW,https://x.com/GameX_Tokyo,solana,solana,solana,address_format,
2026-05-31,c4dd25559df84bc0986d13e26528c72d,SAPIEN,正常,2025-08-21 01:00:00,https://www.sapien.io/,0xC729777d0470F30612B1564Fd96E8Dd26f5814E3,https://twitter.com/JoinSapien,evm,,,,missing_chain_id
2026-05-31,2ada943b12a4420c82200b931856cec7,CREPE1,正常,2025-08-20 13:45:00,,0xeb2B7d5691878627eff20492cA7c9a71228d931D,x.com/bnbcrepe,evm,,,,missing_chain_id
2026-05-31,f9f2fc2d8cf94237b3be4d865ef1a9c9,ALKIMI,正常,2025-08-19 19:00:00,,0x1a8f4bc33f8ef7fbc851f156857aa65d397a6a6fd27a7ac2ca717b51f2fd9489::alkimi::ALKIMI,,other,,,,
2026-05-31,525d64dac5cf49ba8b363c7a1a8a38ad,BAS,正常,2025-08-19 14:05:00,https://www.bnbattest.io/,0x0F0df6cB17ee5E883eddFEf9153fC6036BDB4e37,https://twitter.com/BASCAN_io,evm,,,,missing_chain_id
2026-05-31,41daf9b94e1f40ed9d3afd4bf725e632,DAM,正常,2025-08-18 19:00:00,https://www.reservoir.xyz/,0xF9Ca3fE094212FfA705742D3626a8Ab96aAbABf8,https://twitter.com/reservoir_xyz,evm,,,,missing_chain_id
2026-05-31,283dfcb5cbcc4588abb59fa390221c7a,RICE,正常,2025-08-18 18:03:00,https://www.riceai.xyz/,0xb5761f36FdFE2892f1b54Bc8EE8baBb2a1b698D3,https://x.com/realRiceAI,evm,,,,missing_chain_id
2026-05-31,57b572440ab848c6a7bac387b3e7ce1a,ATLA,正常,2025-08-17 16:00:00,https://atleta.network,,https://twitter.com/Atleta_Network,missing,,,,
2026-05-31,1b57d5837be3455da01bc340a3134c54,TCOM,正常,2025-08-15 21:00:00,https://tcomglobal.io/,0xc23dB46993F643f1Fa0494cd30F9F43505885D84,https://x.com/Tcom_Global,evm,,,,missing_chain_id
2026-05-31,ac2d60aaf8724c95ad4c4f3847adc704,PUBLIC,正常,2025-08-15 16:30:00,https://publicai.io/,token.publicailab.near,https://x.com/PublicAI_,other,,,,
2026-05-31,7af4a9efdbc046dea59ceafac28fe136,MTT,正常,2025-08-15 15:00:00,https://onfa.io/,0x3c938ee857b8cbc18d5f04E3523f14F510f03F57,https://twitter.com/onfaofficial,evm,,,,missing_chain_id
2026-05-31,027a6c9db2f4441494627ca084c4c78c,OVL,正常,2025-08-14 17:00:00,https://overlay.market/#/,0x1F34c87ded863Fe3A3Cd76FAc8adA9608137C8c3,https://twitter.com/OverlayProtocol,evm,,,,missing_chain_id
2026-05-31,5777e33b9ff94daf9f4566626b234666,WKC,正常,2025-08-12 22:10:00,https://wikicatcoin.com/,0x6Ec90334d89dBdc89E08A133271be3d104128Edb,https://twitter.com/WikiCatCoin,evm,,,,missing_chain_id
2026-05-31,b68c1baddbd246c28ec4c805ac2e9cb4,TIT,正常,2025-08-12 16:00:00,https://titanstap.io/,ecc8kZyhVojbuhUoqRGuPjfvEjrR4Y5dRQ86V3aP7aD,https://twitter.com/Project_T_Tab,solana,solana,solana,address_format,
2026-05-31,71a129a10c1d40dc886426b731721820,XCX,正常,2025-08-11 18:00:00,https://xeleb.io,0xE32f9e8F7f7222fcd83EE0fC68bAf12118448Eaf,https://twitter.com/xelebofficial,evm,,,,missing_chain_id
2026-05-31,03b2ba8bb0544e21832a4910df9f0915,PHT,正常,2025-08-08 15:00:00,www.apacx.io,0xe75220cB014Dfb2D354bb59be26d7458bB8d0706,https://x.com/apacx_io,evm,,,,missing_chain_id
2026-05-31,e41c3d422b4a4131beab45b7cdb1c319,X,正常,2025-08-07 20:00:00,https://talex.world,0x0510101Ec6c49D24ED911F0011E22A0D697Ee776,https://twitter.com/TaleX_chain,evm,,,,missing_chain_id
2026-05-31,2791096f777242018c51356f7e1dcb57,IN,正常,2025-08-07 17:00:00,https://infinit.tech/,0x61fac5F038515572d6F42d4BcB6B581642753D50,https://twitter.com/Infinit_Labs,evm,,,,missing_chain_id
2026-05-31,3381d626f1ed469981252db986cd5aa2,ANT,正常,2025-08-07 16:00:00,https://anttime.net/,0xFf4A90B8A0C60047a838D64DbC762bdb4cB78394,https://twitter.com/ANTTIME_NET,evm,,,,missing_chain_id
2026-05-31,6ecb868ed60c43c7bf631e9db530a422,PROVE,正常,2025-08-05 23:00:00,https://www.succinct.xyz/,0x6BEF15D938d4E72056AC92Ea4bDD0D76B1C4ad29,https://twitter.com/succinctlabs,evm,,,,missing_chain_id
2026-05-31,7a6e4f1c0df044bea3b8ab4dbc4a8e03,PVT,正常,2025-08-05 21:00:00,https://punkvism.io/,8UKuetxWnpC9Po9Mpf3ptT2wEvkqg9GxZWnnx4VPhpeD,https://x.com/punkvism,solana,solana,solana,address_format,
2026-05-31,7f80753c88c1475ab62089cc6a06d266,TOWNS,正常,2025-08-05 20:30:00,https://www.towns.com/,0x00000000bcA93b25a6694ca3d2109d545988b13B,https://twitter.com/townsapp,evm,,,,missing_chain_id
2026-05-31,cbc1c3fbe2c44ad180a8ed176c8622bc,SPCM,正常,2025-08-05 20:00:00,https://www.spacem.world/,0x7Cc9c624Efa62C2Decf0a2a028f7885eCea95A17,https://twitter.com/SpaceMworld,evm,,,,missing_chain_id
2026-05-31,4c85e52df4ad4f4484b0d5f46b1d38e1,SUP,正常,2025-08-05 18:00:00,https://www.superp.xyz/,0x19Ed254efa5E061D28d84650891a3db2A9940C16,https://x.com/superp_xyz,evm,,,,missing_chain_id
2026-05-31,8da5d964f45b4ede99d29382d4cb2e6d,COS,正常,2025-08-04 20:00:00,https://www.contentos.io/,0x589891a198195061Cb8ad1a75357A3b7DbaDD7Bc,https://x.com/contentosio,evm,,,,missing_chain_id
2026-05-31,970091fdd15e44b3b92a17c6ef61cc84,MTC,正常,2025-08-04 14:00:00,https://metacoin.network/,,https://twitter.com/MetacoinNetwork,missing,,,,
2026-05-31,3ddda6f67671457e8d6cbe42c333bb1f,AIO,正常,2025-08-02 19:00:00,https://olaxbt.xyz,0x81a7DA4074b8e0eD51beA40f9dCbDF4d9d4832b4,https://twitter.com/olaxbt,evm,,,,missing_chain_id
2026-05-31,0cae82a6902b4df3b81b1ff554561fb3,LITAS,正常,2025-07-31 21:00:00,https://litas.io/,0xFA63503F9e61fd59Cbea137C122Fa55c2dafF14a,https://x.com/litas_io,evm,,,,missing_chain_id
2026-05-31,d37bdfbeb8c74c4aae12cac5f5fa16ce,ADX,正常,2025-07-31 20:00:00,https://www.heyaura.com/,0xADE00C28244d5CE17D72E40330B1c318cD12B7c3,https://x.com/heyAura,evm,,,,missing_chain_id
2026-05-31,5dce4053e5834a15a83e540bc34cf576,NAORIS,正常,2025-07-31 20:00:00,https://www.naorisprotocol.com/,0x1b379A79c91a540b2bcd612b4d713f31De1b80cc,https://x.com/NaorisProtocol,evm,,,,missing_chain_id
2026-05-31,46b37e7b692746b3bf4b6070d7b68ab2,PLAY,正常,2025-07-31 17:00:00,https://www.playsout.com/,0x853a7c99227499DbA9dB8C3A02aA691aFDeBf841,https://x.com/itplaysout,evm,,,,missing_chain_id
2026-05-31,25bd68db838c4e4bb39c610f9c5d9ca3,RHEA,正常,2025-07-30 22:00:00,https://rhea.finance/,token.rhealab.near,https://twitter.com/rhea_finance,other,,,,
2026-05-31,58ee5e29be8146b3a2bcf308d3a9fa86,RIZE,正常,2025-07-30 21:00:00,https://www.t-rize.io/,0x9818B6c09f5ECc843060927E8587c427C7C93583,https://twitter.com/trize_io,evm,,,,missing_chain_id
2026-05-31,622f6578e2eb4c6aaea4e903250687b2,XTM,正常,2025-07-30 20:00:00,https://www.tari.com/,,https://twitter.com/tari,missing,,,,
2026-05-31,07fb02e9196945fda398327c461c0edc,GAIA,正常,2025-07-30 17:00:00,https://www.gaianet.ai/,0x2EE7097BfdD98fCE2AC08A1896038a7cd9aaEd81,https://twitter.com/gaianet_ai,evm,,,,missing_chain_id
2026-05-31,18748aca4f7e4f06b630ab00f23956c9,COT,正常,2025-07-30 17:00:00,https://cot.curecos.com/,0x5CAc718A3AE330d361e39244BF9e67AB17514CE8,https://twitter.com/Curecos_COT,evm,,,,missing_chain_id
2026-05-31,fde800a40c7e4c41b824a1e12af2bc64,DJI6930,正常,2025-07-29 21:00:00,https://www.dji6930.com/,DQnkBM4eYYMnVE8Qy2K3BB7uts1fh2EwBVktEz6jpump,https://twitter.com/DJI6930,solana,solana,solana,address_format,
2026-05-31,298636883da740c884d81011bad01332,MDAO,正常,2025-07-29 20:00:00,https://daomars.com/,0x60322971a672B81BccE5947706D22c19dAeCf6Fb,https://twitter.com/0xMarsDAO,evm,,,,missing_chain_id
2026-05-31,5e20109fede24a70bda1b53ffb217d9f,TREE,正常,2025-07-29 20:00:00,https://www.treehouse.finance/,0x77146784315Ba81904d654466968e3a7c196d1f3,https://x.com/TreehouseFi,evm,,,,missing_chain_id
2026-05-31,1a3269b0581d4c0ea913b364dcdc3262,IKA,正常,2025-07-29 18:00:00,https://ika.xyz/,0x7262fb2f7a3a14c888c438a3cd9b912469a58cf60f367352c46584262e8299aa::ika::IKA,https://x.com/ikadotxyz,other,,,,
2026-05-31,830962d322be407f8024b34e555cc490,SPON,正常,2025-07-29 17:00:00,https://spheron.network,0x080D43c2164AFdBc3712422CE78Ab902ccaB5CA1,https://x.com/spheronfdn,evm,,,,missing_chain_id
2026-05-31,b4f947d7fab5404d801d309d1766ecca,NERO,正常,2025-07-28 15:00:00,https://nerochain.io/,,https://twitter.com/nerochain_io,missing,,,,
2026-05-31,bed8adf3b0d44f5e878ff916b9c5492c,PHY,正常,2025-07-26 16:00:00,https://dephy.io,DEpHYkW6nEm3Sxhb2rwftatrSAV3AP3ac6MgAWBbnsS8,https://twitter.com/dephynetwork,solana,solana,solana,address_format,
2026-05-31,ec5f6f0eec674736870338a15978fdbd,ASP,正常,2025-07-24 21:40:00,,DJ7vji2BU7RjNgktPAKN4L42CiXTFHEt4Eeeyr5FiTmy,,solana,solana,solana,address_format,
2026-05-31,e52ddb0ff81e4d24b557786e308d95f1,ELP,正常,2025-07-24 20:00:00,http://elympics.ai,0xbBcdC8eb044bF661EabFA07b93909a76ebdb1100,https://twitter.com/elympics_ai,evm,,,,missing_chain_id
2026-05-31,75b06526e17543bb80d31beda5c04a12,XU3O8,正常,2025-07-24 16:00:00,https://uranium.io,0x79052Ab3C166D4899a1e0DD033aC3b379AF0B1fD,https://x.com/uranium_io,evm,,,,missing_chain_id
2026-05-31,de5dd9ce5d184ba5b07a7644bc852905,BLOCK,正常,2025-07-23 23:00:00,https://www.blockstreet.xyz/,0xCaB84bc21F9092167fCFe0ea60f5CE053ab39a1E,https://x.com/BlockstreetXYZ,evm,,,,missing_chain_id
2026-05-31,8c2c62f99fe8465eb7b0bddad71404c8,XNY,正常,2025-07-23 21:00:00,https://www.codatta.io,0xE3225e11Cab122F1a126A28997788E5230838ab9,https://twitter.com/codatta_io,evm,,,,missing_chain_id
2026-05-31,0173844d324a406a8063bf91bb6beb13,USDR,正常,2025-07-22 21:00:00,https://stablr.com,0x7B43E3875440B44613DC3bC08E7763e6Da63C8f8,https://twitter.com/stablrusd,evm,,,,missing_chain_id
2026-05-31,6d35cf6e01ef480480879bf2b133a5b8,EURR,正常,2025-07-22 21:00:00,https://www.stablr.com,0x50753CfAf86c094925Bf976f218D043f8791e408,https://twitter.com/stablreuro,evm,,,,missing_chain_id
2026-05-31,b65dc47787544670bad1d82127bc77bf,ZKWASM,正常,2025-07-22 20:00:00,https://www.zkwasmhub.com/,0xa8d3dee6671c4fdac4743a1eb1F276EabD4ba302,https://twitter.com/DelphinusLab,evm,,,,missing_chain_id
2026-05-31,b24c49b9515d4910a0978acc241f07b4,RUJI,正常,2025-07-22 17:00:00,https://rujira.network/,x/ruji,https://x.com/RujiraNetwork,other,,,,
2026-05-31,01d1e7faf15a497a9fb3abb786cba161,MBG,正常,2025-07-22 16:00:00,http://token.multibankgroup.com/en/mbg?utm_source=direct_buys&utm_campaign=MBIO_Global_IC_LeadGen_Web_TGE_Jul-25&utm_medium=CMC_BIOPAGE&utm_term=mbio_token_TGE&utm_content=EN,0x45e02bc2875A2914C4f585bBF92a6F28bc07CB70,https://twitter.com/multibank_io,evm,,,,missing_chain_id
2026-05-31,33e4cd71d43742a0bd448aab8358d217,TPTU,正常,2025-07-21 19:00:00,https://tpt-token.com/,sKQQonRhhj2AuVshFHBjs9GUY91ZYjZs6g,https://x.com/UltimaEcosystem,solana,solana,solana,address_format,
2026-05-31,bb93939682b749a6b21f88e4d6c1c017,TA,正常,2025-07-21 15:00:00,https://www.trustalabs.ai/,0x539AE81A166E5E80aEd211731563e549c411b140,https://x.com/TrustaLabs,evm,,,,missing_chain_id
2026-05-31,813e9e3f37dc4912886e1a26eee10338,AIX,正常,2025-07-19 23:00:00,https://AiXovia.com,AiXxRGmRc5oDiFXbEeRX9obPpr3Zir7rks1ef2NjddiF,https://twitter.com/AiXovia,solana,solana,solana,address_format,
2026-05-31,b75bc6fccfde498abc07c8bd4af29cc4,ESPORTS,正常,2025-07-19 18:00:00,https://www.yooldo.gg/,0xF39e4b21c84e737Df08e2C3b32541d856f508E48,https://twitter.com/Yooldo_Games,evm,,,,missing_chain_id
2026-05-31,b9691efe8b154e588d7e75068438c4d6,REAL,正常,2025-07-18 18:00:00,https://www.reallink.vip/,TGBfBt6Y2Dm3RHdNpZAdqywBsvfdysf834,https://twitter.com/RealLink001,solana,solana,solana,address_format,
2026-05-31,4d6be87046e248e28b5ed23158bb091f,TOWER,正常,2025-07-18 15:00:00,https://towerecosystem.com/,0xf7C1CEfCf7E1dd8161e00099facD3E1Db9e528ee,https://twitter.com/TowerToken,evm,,,,missing_chain_id
2026-05-31,8390759a56624f91a0ff9badc28b8328,TRN,正常,2025-07-18 01:00:00,https://www.t3rn.io,,https://twitter.com/t3rn_io,missing,,,,
2026-05-31,70f67cec67414f51b4d21e04cac223cb,ERA,正常,2025-07-17 23:30:00,https://www.caldera.xyz,0xE2AD0BF751834f2fbdC62A41014f84d67cA1de2A,https://twitter.com/Calderaxyz,evm,,,,missing_chain_id
2026-05-31,f6c74f57837b41da9bbd59a4a0680544,BTSLR,正常,2025-07-17 22:00:00,www.bitsolara.com,0x73AF01600Dd5b062eFf306931081e4c7f3dF224d,https://x.com/bitsolara,evm,,,,missing_chain_id
2026-05-31,e24b6c4ec6b54d1b8e6780c871911b20,YURU,正常,2025-07-17 21:00:00,https://en.coin.yurugp.jp/,mm7g78aMJZv8QB4Q15qbsM3UQJZWof85vwC2NSxRh2Q,https://x.com/yuru_coin,solana,solana,solana,address_format,
2026-05-31,8290497bc3614b31907fc2d490c9a915,MOMO,正常,2025-07-17 10:15:00,,G4zwEA9NSd3nMBbEj31MMPq2853Brx2oGsKzex3ebonk,,solana,solana,solana,address_format,
2026-05-31,eac4aa5540fa4bfc903d0c5318d9f632,RION,正常,2025-07-16 22:00:00,https://hyperion.xyz/,0xC0c240C870606a5Cb3150795E2D0dffF9f1F7456,https://twitter.com/hyperion_xyz,evm,,,,missing_chain_id
2026-05-31,8473d1e42e05431a8bee1e81dd07e3e4,VSN,正常,2025-07-16 20:00:00,https://vision.now/,0x699Ccf919C1dfdFa4C374292f42CAdC9899BF753,https://twitter.com/vsntoken,evm,,,,missing_chain_id
2026-05-31,ea8e6d9d67c84cf89970ff74abfd452c,ES,正常,2025-07-16 17:20:00,https://www.eclipse.xyz/,GnBAskb2SQjrLgpTjtgatz4hEugUsYV7XrWU1idV3oqW,https://twitter.com/EclipseFND,solana,solana,solana,address_format,
2026-05-31,50bf5f3e64054b47b73fbb5533db23f3,MNTX,正常,2025-07-15 21:00:00,https://minutesnetworktoken.io/,0x5C697fee285B513711A816018DBb34DC0cFC4875,https://twitter.com/MNToken,evm,,,,missing_chain_id
2026-05-31,0efcc783e5ed4772a318c82a6a285740,DLB,正常,2025-07-15 20:00:00,https://diemlibre.org/,0x87C22615435998D69ACA34889D03155B694a94fc,https://twitter.com/diemlibreio,evm,,,,missing_chain_id
2026-05-31,949faada32ff411d8b89a189b408794e,TAC,正常,2025-07-15 18:00:00,https://tac.build/,EQBE_gBrU3mPI9hHjlJoR_kYyrhQgyCFD6EUWfa42W8T7EBP,https://x.com/TacBuild,ton,ton,ton,address_format,
2026-05-31,f7d103fedfd14933a2bc1afc366273b5,ANI,正常,2025-07-15 10:00:00,,9tqjeRS1swj36Ee5C1iGiwAxjQJNGAVCzaTLwFY8bonk,https://x.com/AniAnichat,solana,solana,solana,address_format,
2026-05-31,9c1269e21a004636a823cc811fb23bb6,PUMP,正常,2025-07-15 01:00:00,https://pump.fun/board,pumpCmXqMfrsAkQ5r49WcJnRayYRqmXz6ae8H7H9Dfn,https://x.com/pumpdotfun,solana,solana,solana,address_format,
2026-05-31,659638aa584246f58f866d3f8ba24883,C,正常,2025-07-14 20:00:00,https://chainbase.com/,0xba12BC7B210E61e5D3110B997A63Ea216e0E18F7,https://x.com/ChainbaseHQ,evm,,,,missing_chain_id
2026-05-31,3e6cf79e6d774237b83760758d52853f,KLK,正常,2025-07-11 18:00:00,https://klickl.vip/,0x411049c6046Be1Be13Ce80262FCa723cCcb67798,https://twitter.com/KLK_Foundation,evm,,,,missing_chain_id
2026-05-31,fadfe7b47003451eab6baa10eeea0760,SPYX,正常,2025-07-10 22:30:00,https://assets.backed.fi/products/sp500-xstock,XsoCS1TfEyfFhfvj8EtZ528L3CaKBDBRqRapnBbDF2W,https://twitter.com/xstocksfi,solana,solana,solana,address_format,
2026-05-31,228a2a952d7e4b559972953e9c1e35bc,STOP,正常,2025-07-10 19:00:00,https://letstop.io,W2bAuFf2Xeb7ZNpJTywFSaCs5jYkaLYtBMR53SzVXUo,https://twitter.com/LETST0P,solana,solana,solana,address_format,
2026-05-31,6e4dd807864046a585b6ba1c295411ef,VELVET,正常,2025-07-10 18:03:00,https://velvet.capital,0x8b194370825E37b33373e74A41009161808C1488,https://twitter.com/velvet_capital,evm,,,,missing_chain_id
2026-05-31,f3ccff4582c745cb8407f45229d2127e,USDF,正常,2025-07-10 18:00:00,https://falcon.finance/,0xFa2B947eEc368f42195f24F36d2aF29f7c24CeC2,https://twitter.com/FalconStable,evm,,,,missing_chain_id
2026-05-31,3d4e656499124aeab2e20bc8e1df3b40,MCDX,正常,2025-07-08 22:40:00,https://assets.backed.fi/products/mcdonalds-xstock,XsqE9cRRpzxcGKDXj1BJ7Xmg4GRhZoyY1KpmGSxAWT2,https://twitter.com/xStocksFi,solana,solana,solana,address_format,
2026-05-31,ea69adc732a845859eb45ce47a73d766,TSLAX,正常,2025-07-08 22:10:00,https://assets.backed.fi/products/tesla-xstock,XsDoVfqeBukxuZHWhdvWHBhgEHjGNst4MLodqsJHzoB,https://twitter.com/xStocksFi,solana,solana,solana,address_format,
2026-05-31,9be3cad740704cfe9c8a5bc0a435d670,DCT,正常,2025-07-08 13:00:00,https://saydct.com/,TNzctnHygQxx2shHScTJKQBU9U4gVWctfk,https://x.com/Roboton_Offcl,solana,solana,solana,address_format,
2026-05-31,aae89728a22d441a9f4c71a13cecd273,AMZNX,正常,2025-07-07 22:40:00,https://assets.backed.fi/products/amazon-xstock,Xs3eBt7uRfJX8QUs4suhyU8p2M6DoUDrJyWBa8LLZsg,https://twitter.com/xStocksFi,solana,solana,solana,address_format,
2026-05-31,77d47f87224a42a2acb11010fde1ea68,MORI,正常,2025-07-07 21:00:00,https://morico.in/,8ZHE4ow1a2jjxuoMfyExuNamQNALv5ekZhsBn5nMDf5e,https://twitter.com/moricoinmeme,solana,solana,solana,address_format,
2026-05-31,946cf6b86f024244829510d0a43e0b39,PAL,正常,2025-07-07 20:00:00,https://www.palio.ai/,0xb7E548C4f133AdBB910914D7529D5CB00c2E9051,https://x.com/PalioAI,evm,,,,missing_chain_id
2026-05-31,1647f7cca4914e77bc705604f1ac8c83,DST,正常,2025-07-07 18:00:00,https://daystarter.life/,0x82DbF4227a981211d84f59092889eAdbb9C2a4D2,https://x.com/Daystarter_Life,evm,,,,missing_chain_id
2026-05-31,5517da95b88b4bec90cc0a3f73dbeb34,AIN,正常,2025-07-05 18:00:00,https://www.infinityg.ai/,0x9558a9254890B2A8B057a789F413631B9084f4a3,https://twitter.com/infinityg_ai,evm,,,,missing_chain_id
2026-05-31,b54eb055f0fc4603842e92858c8fd2f4,MANYU,正常,2025-07-04 18:30:00,,0x95AF4aF910c28E8EcE4512BFE46F1F33687424ce,https://x.com/ManyuShiba,evm,,,,missing_chain_id
2026-05-31,f72a223139ea4a27b7db0d705d31203a,CROSS,正常,2025-07-04 16:15:00,https://www.ogfcorp.com/,0x6bf62ca91e397B5A7d1D6bCe97D9092065d7A510,https://twitter.com/CROSS_gamechain,evm,,,,missing_chain_id
2026-05-31,79cee5b779b4405794df4d0ccb1fdcd8,REACT,正常,2025-07-04 16:00:00,https://reactive.network/,0x817162975186d4D53dBF5a7377dd45376e2D2fc5,https://twitter.com/0xReactive,evm,,,,missing_chain_id
2026-05-31,921bf41aaa7c4848af81643d522d765a,URANUS,正常,2025-07-04 12:35:00,,BFgdzMkTPdKKJeTipv2njtDEwhKxkgFueJQfJGt1jups,,solana,solana,solana,address_format,
2026-05-31,d6179c437f504ae59fd8a80504ed9100,GOOGLX,正常,2025-07-03 22:10:00,https://assets.backed.fi/products/alphabet-xstock,XsCPL9dNWBMvFtTmwcCA5v3xWPSMEBCszbQdiLLq6aN,https://twitter.com/xStocksFi,solana,solana,solana,address_format,
2026-05-31,72b0a149fbf740b289fe97ca37f4a9c2,METAX,正常,2025-07-03 18:30:00,https://assets.backed.fi/products/meta-xstock,Xsa62P5mvPszXL1krVUnU5ar38bBSVcWAB6fmPCo5Zu,https://twitter.com/xStocksFi,solana,solana,solana,address_format,
2026-05-31,5e4b9beb9b614377a4372c9a29e5c448,HOODX,正常,2025-07-03 18:30:00,https://assets.backed.fi/products/robinhood-xstock,XsvNBAYkrDRNhA7wPHQfX3ZUXZyZLdnCQDfHZ56bzpg,https://twitter.com/xStocksFi,solana,solana,solana,address_format,
2026-05-31,08a3928ae0594ec8ad42fbee5e78ee26,ICNT,正常,2025-07-03 18:00:00,https://www.icn.global/,0xE0Cd4cAcDdcBF4f36e845407CE53E87717b6601d,https://x.com/ICN_Protocol,evm,,,,missing_chain_id
2026-05-31,a302d28d527646e9824473865f9c42c8,M,正常,2025-07-03 15:50:00,https://memecore.com/,,https://twitter.com/MemeCore_M,missing,,,,
2026-05-31,760570a72d6d475d9f400c40d57472ea,NUTX,正常,2025-07-03 15:00:00,https://nutx.ai/,28HjD7NbagvuNcUUtHJ9673YWPHsEL8x4B44ksJqsLdN,https://x.com/Nutx_Chain,solana,solana,solana,address_format,
2026-05-31,29844bab0c2743d6b02ff233ec9ea761,INI,正常,2025-07-03 14:00:00,https://www.initverse.org/,,https://twitter.com/InitVerse,missing,,,,
2026-05-31,04d875c4a02641ff82e40e5a78c35a35,SOGNI,正常,2025-07-02 20:00:00,https://www.sogni.ai/,0xE014d2A4da6E450f21b5050120D291e63c8940FD,https://x.com/sogni_protocol,evm,,,,missing_chain_id
2026-05-31,47593436149a4a6e91d7e064c7735b1c,AAPLX,正常,2025-07-02 19:00:00,https://assets.backed.fi/products/apple-xstock,XsbEhLAtcf6HdfpFZ5xEMdqW8nfAvcsP5bdudRLJzJp,https://twitter.com/xStocksFi,solana,solana,solana,address_format,
2026-05-31,d497acfe204444c4900ad7aacf625fbf,ARW,正常,2025-07-02 19:00:00,http://ontorium.io/,0x747952A59292a9B3862F3C59664B95e8B461eF45,https://twitter.com/Ontorium_io,evm,,,,missing_chain_id
2026-05-31,8d97a167292a44d194c048d293086982,CRCLX,正常,2025-07-02 18:30:00,https://assets.backed.fi/products/circle-xstock,XsueG8BtpquVJX9LVLLEGuViXUungE6WmK5YZ3p3bd1,https://twitter.com/xstocksfi,solana,solana,solana,address_format,
2026-05-31,f8eccf582fd649cebf2f13ef2ee5593c,ECHO,正常,2025-07-02 18:05:00,https://www.echo-protocol.xyz/,0xb2c7780f0a255a6137e5b39733f5a4c85fe093c549de5c359c1232deef57d1b7,https://x.com/EchoProtocol_,other,,,,
2026-05-31,d58ee82d45824378b834d60aa61cefa6,SOLAXY,正常,2025-07-02 16:00:00,https://solaxy.io/,0xe0B7AD7F8F26e2b00C8b47b5Df370f15F90fCF48,https://x.com/SOLAXYTOKEN,evm,,,,missing_chain_id
2026-05-31,267af311cd0c42b5a95131ef6fc5dc3b,GAME,正常,2025-07-02 16:00:00,https://squidmeme.xyz/,EQAKpERMdgBE4TV7bcSPyQMeYAQ2xfR6vFNNQd99cx3kzzyf,https://x.com/squidmeme_offcl,ton,ton,ton,address_format,
2026-05-31,ffdd46a75217477eb6e7c33003c59bc0,TRWA,正常,2025-07-02 14:15:00,https://tharwa.finance/,0x7b10d50b5885bE4c7985A88408265c109bd1EeC8,https://twitter.com/tharwauae,evm,,,,missing_chain_id
2026-05-31,e4e7a0db8b8c4bc2ac4f31b3a2e76d23,B3TR,正常,2025-07-01 21:00:00,https://vebetterdao.org/,0x5ef79995fe8a89e0812330e4378eb2660cede699,https://x.com/vechainofficial,evm,,,,missing_chain_id
2026-05-31,6607202d5bfa42cea2fdfa4c188c3d6b,NVDAX,正常,2025-07-01 18:30:00,https://assets.backed.fi/products/nvidia-xstock,Xsc9qvGR1efVDFGLrVsmkzv3qi45LTBjeUKSPmx9qEh,https://twitter.com/xStocksFi,solana,solana,solana,address_format,
2026-05-31,b5b25feb4cc641f493f3bb00dba4adb8,COINX,正常,2025-07-01 18:30:00,https://assets.backed.fi/products/coinbase-xstock,Xs7ZdzSHLU9ftNJsii5fCeJhoRWSC32SQGzGQtePxNu,https://twitter.com/xStocksFi,solana,solana,solana,address_format,
2026-05-31,918d8bb1297848bcb29e5eae1d207324,PX,正常,2025-07-01 18:00:00,https://notpixel.org/,EQB420yQsZobGcy0VYDfSKHpG2QQlw-j1f_tPu1J488I__PX,https://twitter.com/notpixelx,ton,ton,ton,address_format,
2026-05-31,570e4955b85140ad9a1967d6f545cdb5,TICS,正常,2025-06-30 19:00:00,https://www.qubetics.com/,,https://twitter.com/qubetics,missing,,,,
2026-05-31,4c7e9a43a5c944928844a9d35906526a,NODE,正常,2025-06-30 18:00:00,https://nodeops.network/,0x2F714d7b9A035d4ce24af8d9b6091c07E37f43Fb,https://twitter.com/BuildOnNodeOps,evm,,,,missing_chain_id
2026-05-31,b0db183c5c1c488ba1a8145d79bcfdff,SRX,正常,2025-06-30 15:00:00,https://storx.tech/,xdc5d5f074837f5d4618b3916ba74de1bf9662a3fed,https://x.com/StorXNetwork,other,,,,
2026-05-31,73bf595c775e4fbda849214532f4f30a,1R0R,正常,2025-06-27 22:00:00,https://r0ar.io/,0xb0415D55f2C87b7f99285848bd341C367FeAc1ea,https://x.com/th3r0ar,evm,,,,missing_chain_id
2026-05-31,b28a6caf9a62432cadb4a7ff3337e724,BLUM,正常,2025-06-27 18:00:00,http://blum.io/,EQCAj5oiRRrXokYsg_B-e0KG9xMwh5upr5I8HQzErm0_BLUM,https://x.com/blumcrypto,ton,ton,ton,address_format,
2026-05-31,ddba8435fc6d4b05b4af70751fc31b67,TIX,正常,2025-06-26 22:00:00,https://timeworx.io,0x8459AB8d6aa488716c568896c0502C0AF0EB6983,https://twitter.com/timeworx_io,evm,,,,missing_chain_id
2026-05-31,dc0490c822324c259999e5bc60ef21ce,SAHARA,正常,2025-06-26 18:40:00,https://saharaai.com/,0xFDFfB411C4A70AA7C95D5C981a6Fb4Da867e1111,https://x.com/SaharaLabsAI,evm,,,,missing_chain_id
2026-05-31,552593c5e52346a5be1a34ffb6f5cbba,CESS,正常,2025-06-26 18:00:00,https://www.cess.network/,0x0c78d4605c2972e5f989DE9019De1Fb00c5D3462,https://twitter.com/CESS_Storage,evm,,,,missing_chain_id
2026-05-31,1d021e58424449eba966c3f9ce99a937,XO,正常,2025-06-26 17:00:00,https://xociety.io/,0x90f9eb95f62d31fbe2179313547e360db86d88d2399103a94286291b63f469ba::xo::XO,https://twitter.com/xocietyofficial,other,,,,
2026-05-31,8b46446feb7d4eb3a095f2b845fb7146,H,正常,2025-06-25 17:00:00,https://www.humanity.org/,0xcf5104D094e3864CfCBDa43B82e1cEFD26A016eB,https://twitter.com/Humanityprot,evm,,,,missing_chain_id
2026-05-31,6354657fe18d468eabb749931dc35d65,NEWT,正常,2025-06-24 21:05:00,https://newton.xyz,0xD0eC028a3D21533Fdd200838F39c85B03679285D,https://twitter.com/newton_xyz,evm,,,,missing_chain_id
2026-05-31,2dcecda40b3e45929e362fee796fb727,DMC,正常,2025-06-24 19:00:00,https://deloreanlabs.com,0x4c981f3ff786cdb9e514da897ab8a953647dae2ace9679e8358eec1e3e8871ac::dmc::DMC,https://twitter.com/deloreanlabs,other,,,,
2026-05-31,83340cb3ae9b44378cb1f86ed0fda176,MGO,正常,2025-06-24 17:00:00,https://mangonet.io/,,https://twitter.com/MangoOS_Network,missing,,,,
2026-05-31,1339332093b0490abcf17f860e8a6f5c,LOT,正常,2025-06-20 18:02:00,https://leagueoftraders.io,0xbfe78De7D1c51E0868501D5FA3E88e674C79AcDD,https://twitter.com/leagueoftraders,evm,,,,missing_chain_id
2026-05-31,ff394df0404840398d2ad7877cbbd7ed,IUP,正常,2025-06-20 18:00:00,https://www.iuppiter.io,xpla10804823gxas3d9g8knrutvzkkz92m2ctvsafnan8zw6cqa6sd47qfdg9k8,https://x.com/iuppiter_io,other,,,,
2026-05-31,b023a7efa23c4ba79066fd00a9915214,ESX,正常,2025-06-19 22:30:00,https://www.estatex.eu,0x6a72d3A87f97a0fEE2c2ee4233BdAEBc32813D7a,https://twitter.com/estatexeu,evm,,,,missing_chain_id
2026-05-31,4ff837b8b5b047018829272f8339ad7e,MAT,正常,2025-06-19 20:00:00,https://matchain.io/,0xFE2DD2d57a05F89438F3AEC94EaFA4070396bab0,https://twitter.com/matchain_io,evm,,,,missing_chain_id
2026-05-31,fa0ebc2db1d74a6292ff6cbc7e6714da,RXS,正常,2025-06-19 19:00:00,https://rexas.com/,0x9eAeBd7E73D97E78c77fAB743e6FFA1b550e224c,https://twitter.com/rexasfinance,evm,,,,missing_chain_id
2026-05-31,14dd4009124142c8bf225a23f58a44e4,GAG,正常,2025-06-18 21:00:00,https://gagtoken.com/,0xAD600060a153bc35BD8997ceFE959EFb19026757,https://x.com/gagtoken,evm,,,,missing_chain_id
2026-05-31,bd78689dc7d34d39986f0681384acdbf,FUSD,正常,2025-06-18 18:00:00,http://freedomdollar.com/,86143388bd056a8f0bab669f78f14873fac8e2dd8d57898cdb725a2d5e2e4f8f,https://x.com/freedomdollar5,other,,,,
2026-05-31,aed4af83fa404573ac9c4656abe25066,TRAC,正常,2025-06-17 19:00:00,https://origintrail.io/,0xaA7a9CA87d3694B5755f213B5D04094b8d0F0A6F,https://twitter.com/origin_trail,evm,,,,missing_chain_id
2026-05-31,d26886c91d8b4220915e072278fdfc08,BOMB,正常,2025-06-17 18:10:00,https://bombie.xyz/,0x0ba2ba407e80bcb8a314649d9bc12efeecc81519,https://twitter.com/Bombie_xyz,evm,,,,missing_chain_id
2026-05-31,8d642e3939d44967ab44eb742c9e6efb,SPK,正常,2025-06-17 16:15:00,https://spark.fi/,0xAfF2e841851700D1Fc101995Ee6b81Ae21Bb87D7,https://twitter.com/sparkdotfi,evm,,,,missing_chain_id
2026-05-31,e13edcc94fe74446b0d3a806f3c0a68b,METANIA,正常,2025-06-11 22:00:00,https://metania.games,0x2E477F353747752FFB838a28621722e6A3F50D29,https://twitter.com/MetaniaGames,evm,,,,missing_chain_id
2026-05-31,4eee70e01c1f46ea84e4c12d35ecaec5,IDOL,正常,2025-06-11 18:02:00,https://www.meet48.com,0x3B4de3c7855C03bB9F50ea252cD2c9FA1125Ab07,https://twitter.com/meet_48,evm,,,,missing_chain_id
2026-05-31,2f00656b28af43bfb8598c29de0ac95b,MXSOL,正常,2025-06-11 18:00:00,https://www.mexc.com/staking/sol,7cBuurYDdaqxnem7KyMTci6SWhjJKroZ6NUjqH2ewEPB,,solana,solana,solana,address_format,
2026-05-31,06e2bc98340e4b74b2542b74073db8ed,MIH,正常,2025-06-11 18:00:00,https://mineholdings.io/,0x27fC525dc7393A3219bBE8c93b6226e448f52FdF,https://twitter.com/MineHoldings,evm,,,,missing_chain_id
2026-05-31,6992495f6f754e0f84715a29ae01d284,AURASOL,正常,2025-06-11 11:10:00,https://www.auramaxxing.xyz/,DtR4D9FtVoTX2569gaL837ZgrB6wNjj6tkmnX9Rdk9B2,https://twitter.com/auracoinsolana,solana,solana,solana,address_format,
2026-05-31,91b2457941b7409ea0db4fa09c928bf5,RESOLV,正常,2025-06-10 20:55:00,https://resolv.xyz/,0x259338656198eC7A76c729514D3CB45Dfbf768A1,https://twitter.com/ResolvLabs,evm,,,,missing_chain_id
2026-05-31,6e1f532b5035441ab2fc087a635146f9,KDX,正常,2025-06-10 20:00:00,https://www.mosaicalpha.com/,0xB007549db2A335364dfdCE86001Ee3b081051f03,https://twitter.com/MosaicChain,evm,,,,missing_chain_id
2026-05-31,cae6ca2566284488897b3c86601e01c6,HOME,正常,2025-06-10 19:00:00,https://defi.app,0x4BfAa776991E85e5f8b1255461cbbd216cFc714f,https://twitter.com/defiapp,evm,,,,missing_chain_id
2026-05-31,0e9e079e3f1d42b18f480c5baa46cf09,VERSEWORLD,正常,2025-06-10 15:30:00,https://www.verseworld.com,vRseBFqTy9QLmmo5qGiwo74AVpdqqMTnxPqWoWMpump,https://twitter.com/VerseWorld,solana,solana,solana,address_format,
2026-05-31,30093ec077794d74b36324f0c7f6262c,SKATE,正常,2025-06-09 18:00:00,https://skatechain.org,0x61DBbBb552dc893ab3aAd09F289f811E67cEf285,https://twitter.com/skate_chain,evm,,,,missing_chain_id
2026-05-31,e5bf412a1f2b42ba8d91a3cfaabed456,TAG,正常,2025-06-09 10:00:00,https://www.tagger.pro,0x208bF3E7dA9639f1Eaefa2DE78c23396B0682025,https://twitter.com/TaggerAI,evm,,,,missing_chain_id
2026-05-31,63414fc9435c445cb26436eab4fa89d6,BOBER,正常,2025-06-06 23:00:00,https://boberonmvx.com,BOBER-9eb764,https://twitter.com/BoberCTO,other,,,,
2026-05-31,7033767c1aab42b18f3b4cc4cc6858bc,BULLA,正常,2025-06-06 19:00:00,https://bullamascot.io/,0x595E21b20E78674F8a64C1566A20b2b316Bc3511,https://twitter.com/BULLAMASCOT,evm,,,,missing_chain_id
2026-05-31,8b671721cf244bd5b7a48c61e1e52df2,CUDIS,正常,2025-06-05 18:02:00,https://www.cudis.xyz,CudisfkgWvMKnZ3TWf6iCuHm8pN2ikXhDcWytwz6f6RN,https://twitter.com/cudiswellness,solana,solana,solana,address_format,
2026-05-31,7bc724d88c3244b3bd746f15d77abe6b,SPCFIN,正常,2025-06-05 18:00:00,,0x16f0d99be1fbD0312641E318c53A63B40AAF5df6,,evm,,,,missing_chain_id
2026-05-31,72c80810931e41dc87507f9578204cf2,BCE,正常,2025-06-05 14:00:00,https://bitcastle.io/en,0x34d12f761847a05dfa33a1692440588f4b5f7f24be619334e29d74e083f5e64e::bce::BCE,https://x.com/bit_castle,other,,,,
2026-05-31,f5b85d1e4b1e4a7e9e726e82148b4aa1,LA,正常,2025-06-04 20:00:00,https://www.lagrangefoundation.org/,0x0fc2a55d5BD13033f1ee0cdd11f60F7eFe66f467,https://twitter.com/LagrangeFndn,evm,,,,missing_chain_id
2026-05-31,0052171088124b5eb1d5f62945024eef,BDXN,正常,2025-06-03 18:00:00,https://bondex.app/,0xBdBDBDd0c22888E63CB9098aD6D68439197CB091,https://twitter.com/bondexapp,evm,,,,missing_chain_id
2026-05-31,f0d1ee23019347b0bff1e07e5e3c3ce6,USDD,正常,2025-06-03 16:00:00,https://usdd.io/,TXDk8mbtRbXeYuMNS83CfKPaYYT8XWv9Hz,https://twitter.com/usddio,solana,solana,solana,address_format,
2026-05-31,412a295a6697460d809802283384747c,EDGEN,正常,2025-06-02 18:30:00,https://www.layeredge.io,0xAa9806c938836627Ed1a41Ae871c7E1889AE02Ca,https://twitter.com/LayerEdge,evm,,,,missing_chain_id
2026-05-31,a30cf5b117c5417d8c85743ed854fc40,HP,正常,2025-05-31 20:00:00,https://hippoprotocol.ai/,,https://twitter.com/Hippo_Protocol,missing,,,,
2026-05-31,2aaa6dbf58bf40b0918e259447a062cb,PURR,正常,2025-05-31 16:25:00,https://app.hyperliquid.xyz/trade/PURR/USDC,0x9b498C3c8A0b8CD8BA1D9851d40D186F1872b44E,,evm,,,,missing_chain_id
2026-05-31,675aa9c0bedd42bab96cf09ff04cca96,SOPH,正常,2025-05-28 20:07:00,https://sophon.xyz,,https://twitter.com/sophon,missing,,,,
2026-05-31,73c913b9d7b3438fb6d22ae952bab6c2,OGPU,正常,2025-05-28 19:00:00,https://opengpu.network/,,https://twitter.com/OpenGPUfndn,missing,,,,
2026-05-31,de4a3dc776e2437099cc40236e0bc3ce,OTK,正常,2025-05-27 21:00:00,https://octo-gaming.com/,octo82drBEdm8CSDaEKBymVn86TBtgmPnDdmE64PTqJ,https://twitter.com/Octo8gaming,solana,solana,solana,address_format,
2026-05-31,9533068d6b234d48906eb710f8b50711,MAMO,正常,2025-05-27 14:40:00,https://mamo.bot,0x7300B37DfdfAb110d83290A29DfB31B1740219fE,https://twitter.com/mamo,evm,,,,missing_chain_id
2026-05-31,d4fe27052d6a4415bb651a0da5e908bb,A,正常,2025-05-27 14:00:00,https://www.vaulta.com,core.vaulta,https://twitter.com/vaulta_,other,,,,
2026-05-31,6da4448c906e4c8d9553d95b782e2c10,HUMA,正常,2025-05-26 19:15:00,https://huma.finance/,HUMA1821qVDKta3u2ovmfDQeW2fSQouSKE8fkF44wvGw,https://twitter.com/humafinance,solana,solana,solana,address_format,
2026-05-31,4328b66b564348d88fac8e7871f854ea,BCAT,正常,2025-05-26 15:00:00,https://www.blackcatmeme.com/,EQBh2zUdhhZJis8Pb_Yn-vhQoNkhUus3g7G_fRRrUrOSw-ZE,https://x.com/offcl_blckcat,ton,ton,ton,address_format,
2026-05-31,c810ae6a8c524743b266b5bc454809cf,SOON,正常,2025-05-23 15:30:00,https://soo.network/,0xb9E1Fd5A02D3A33b25a14d661414E6ED6954a721,https://twitter.com/soon_svm,evm,,,,missing_chain_id
2026-05-31,a8f490c227c84ccdab409afbf65e29eb,RWA,正常,2025-05-22 18:03:00,https://www.allo.xyz/,0x9C8B5CA345247396bDfAc0395638ca9045C6586E,https://twitter.com/allo_xyz,evm,,,,missing_chain_id
2026-05-31,6a1d0a689b8e44bdb8a5193429ce069d,TRUU,正常,2025-05-21 23:00:00,https://truth-network.io/,0xDAe0faFD65385E7775Cf75b1398735155EF6aCD2,https://twitter.com/truth_network_,evm,,,,missing_chain_id
2026-05-31,8b238de09fdb4c779e53dc581ccaf9d8,CFG,正常,2025-05-21 19:00:00,https://centrifuge.io/,0xcccCCCcCCC33D538DBC2EE4fEab0a7A1FF4e8A94,https://twitter.com/centrifuge,evm,,,,missing_chain_id
2026-05-31,f23af2d2942446eaa2bae09ee2883c49,AWE,正常,2025-05-21 16:00:00,https://www.awenetwork.ai/,0x1B4617734C43F6159F3a70b7E06d883647512778,https://twitter.com/awenetwork_ai,evm,,,,missing_chain_id
2026-05-31,a922ae1633304170ab05c0d3f8b690f0,GIZA,正常,2025-05-20 21:00:00,https://www.gizatech.xyz,0x590830dFDf9A3F68aFCDdE2694773dEBDF267774,https://twitter.com/gizatechxyz,evm,,,,missing_chain_id
2026-05-31,8437db299205471fb1af82ec5852f0b2,B,正常,2025-05-19 11:25:00,https://buildon.online/,0x6bdcCe4A559076e37755a78Ce0c06214E59e4444,https://twitter.com/BUILDonBsc_AI,evm,,,,missing_chain_id
2026-05-31,ece497ec9acd4ce4855b78547ddd6241,AGT,正常,2025-05-16 17:02:00,https://www.aialaya.io/#/,0x5dBde81fcE337FF4bcaaEe4Ca3466C00aeCaE274,https://twitter.com/Alaya_AI,evm,,,,missing_chain_id
2026-05-31,c709e4c8454a4de4a91c6ab3e5c1c39f,IMO,正常,2025-05-16 17:00:00,https://imo-invest.com/,0x5A7a2bf9fFae199f088B25837DcD7E115CF8E1bb,https://twitter.com/IMO__Invest,evm,,,,missing_chain_id
2026-05-31,32f11b76578a4ed4a5d18b3f6848d484,SERV,正常,2025-05-15 23:00:00,https://openserv.ai,0x40e3d1A4B2C47d9AA61261F5606136ef73E28042,https://twitter.com/openservai,evm,,,,missing_chain_id
2026-05-31,18ed8b6741994bb9b2ee8fda9b27ee40,AVT,正常,2025-05-15 22:00:00,https://www.aventus.io/,0x0d88eD6E74bbFD96B831231638b66C05571e824F,https://twitter.com/AventusNetwork,evm,,,,missing_chain_id
2026-05-31,6b174c88307040089e0d2b97aafa0e54,NXPC,正常,2025-05-15 14:00:00,https://msu.io,0x5E0E90E268BC247Cc850c789A0DB0d5c7621fb59,https://twitter.com/MaplestoryU,evm,,,,missing_chain_id
2026-05-31,a64f4101be3f49d0ad22a7807649cf83,PRAI,正常,2025-05-14 20:02:00,https://www.privasea.ai/,0x899357E54C2c4b014ea50A9A7Bf140bA6Df2eC73,https://twitter.com/privasea,evm,,,,missing_chain_id
2026-05-31,3f8cbfb704e2457293f9606835b0a35a,DVO,正常,2025-05-14 20:00:00,https://www.divo.global/,0x8708cCEb45b218E93a4D2cfc95Eb8250AB13Fa9D,https://x.com/divo_global,evm,,,,missing_chain_id
2026-05-31,07e09c72ca93450d994fe1845dd16a86,SNS,正常,2025-05-13 23:05:00,https://www.sns.id,SNS8DJbHc34nKySHVhLGMUUE72ho6igvJaxtq9T3cX3,https://twitter.com/sns,solana,solana,solana,address_format,
2026-05-31,34541aa71f99435e821ab9f935230024,CORAL,正常,2025-05-13 18:00:00,https://www.coralprotocol.org,CoRAitPvr9seu5F9Hk39vbjqA1o1XuoryHjSk1Z1q2mo,https://twitter.com/Coral_Protocol,solana,solana,solana,address_format,
2026-05-31,d3a91a77a8bf42db88220c11379b5c5f,BELUGA,正常,2025-05-13 15:00:00,https://www.thebeluga.net/,EQB3_aNocywnRPQRUSmNJD7aY7eEIRFQ7jax0klMDp5gOMWp,https://x.com/Beluga_Offcl,ton,ton,ton,address_format,
2026-05-31,52d1d309a1384fe98a75ebf18a57951d,CHISAI,正常,2025-05-11 19:00:00,https://chisai.io/,0x21023e347CF3c69355dAF36107945876E2c4071a,https://x.com/gptChisAI,evm,,,,missing_chain_id
2026-05-31,5ea4632b34064a49a1c11920fca4c63f,USELESS,正常,2025-05-11 14:15:00,https://theuselesscoin.com/,Dz9mQ9NzkBcCsuGPFJ3r1bS4wgqKMHBPiVuniW8Mbonk,https://twitter.com/theuselesscoin,solana,solana,solana,address_format,
2026-05-31,8d17014b296f4d77a32374f5bfd4cbb3,DOOD,正常,2025-05-09 21:00:00,https://www.doodles.app/,DvjbEsdca43oQcw2h3HW1CT7N3x5vRcr3QrvTUHnXvgV,https://twitter.com/doodles,solana,solana,solana,address_format,
2026-05-31,9be54fd799e64cd9a2a43cfe38129276,SXT,正常,2025-05-08 20:02:00,https://www.spaceandtime.io,0xE6Bfd33F52d82Ccb5b37E16D3dD81f9FFDAbB195,https://twitter.com/spaceandtime,evm,,,,missing_chain_id
2026-05-31,df1a5de162814454a61680994b5fbfdd,AZEN,正常,2025-05-08 19:00:00,https://azenprotocol.io/,0x8A23fa9Ca68226a1ea9FB2Df42b9E87a1728381E,https://x.com/azen_protocol,evm,,,,missing_chain_id
2026-05-31,5ac94f219cc147d293b0507f1f70e123,SHM,正常,2025-05-08 18:20:00,https://shardeum.org/,,https://twitter.com/shardeum,missing,,,,
2026-05-31,17e4dc71aef547ec8c3c481c4fdc4996,USD1,正常,2025-05-08 16:00:00,https://www.worldlibertyfinancial.com/,0x8d0D000Ee44948FC98c9B98A4FA4921476f08B0d,https://twitter.com/worldlibertyfi,evm,,,,missing_chain_id
2026-05-31,a6005694b97b4ceba402b4e24f945376,OBOL,正常,2025-05-07 19:00:00,https://obol.org/,0x0B010000b7624eb9B3DfBC279673C76E9D29D5F7,https://twitter.com/Obol_Collective,evm,,,,missing_chain_id
2026-05-31,136ffe9797564b0db301fade92fd569e,MYX,正常,2025-05-06 18:03:00,https://app.myx.finance,0xD82544bf0dfe8385eF8FA34D67e6e4940CC63e16,https://twitter.com/MYX_Finance,evm,,,,missing_chain_id
2026-05-31,d207eb49e8eb421faff0209d242b52ca,JAGER,正常,2025-05-06 00:40:00,https://jager.meme,0x74836cC0E821A6bE18e407E6388E430B689C66e9,https://twitter.com/jager_BSC,evm,,,,missing_chain_id
2026-05-31,b0faf19c5f7245da8121b661084536a0,VANKEDISI,正常,2025-05-05 19:00:00,https://vankedisi.ai,66bHtzcXqmLgkn668EG4ETzHL3RLz5ybdckqvrPppump,https://x.com/vankedisicoin,solana,solana,solana,address_format,
2026-05-31,bf369690238e4d548c27232f775f7698,FNTIO,正常,2025-05-02 18:00:00,https://fntcrypto.io/,0xE401D87C52865D9294859Db794c726ECe7Eadcb9,https://x.com/fntcrypto_io,evm,,,,missing_chain_id
2026-05-31,a820ba731d5548c9918fdb3c50260e61,GORK,正常,2025-05-01 12:25:00,https://x.com/i/communities/1917678757642477736,38PgzpJYu2HkiYvV8qePFakB8tuobPdGm2FFEn7Dpump,https://twitter.com/i/communities/1917678757642477736,solana,solana,solana,address_format,
2026-05-31,e2c9efef406a4c71bf1a3ba4db13b991,XYO,正常,2025-04-30 21:00:00,https://xyo.network/,0x55296f69f40ea6d20e478533c15a6b08b654e758,https://twitter.com/officialxyo,evm,,,,missing_chain_id
2026-05-31,78a05af953a9449db8fd3ea9d8fb634e,B2,正常,2025-04-30 18:00:00,https://www.bsquared.network/,0x783c3f003f172c6Ac5AC700218a357d2D66Ee2a2,https://twitter.com/BsquaredNetwork,evm,,,,missing_chain_id
2026-05-31,6829271448304a358fb738552e1b56a8,PUNDIX,正常,2025-04-30 15:00:00,https://pundix.com/,0x0FD10b9899882a6f2fcb5c371E17e70FdEe00C38,https://twitter.com/PundiXLabs,evm,,,,missing_chain_id
2026-05-31,0b1840cc122844a59f1b05de2d7ad5ba,APTM,正常,2025-04-29 22:00:00,https://apertum.io,,https://twitter.com/Apertum_io,missing,,,,
2026-05-31,ecbe12db45a54612bc0a9880b763b743,HAEDAL,正常,2025-04-29 20:00:00,https://www.haedal.xyz/,0x3a304c7feba2d819ea57c3542d68439ca2c386ba02159c740f7b406e592c62ea::haedal::HAEDAL,https://twitter.com/HaedalProtocol,other,,,,
2026-05-31,872c748512d54ec7b181869fa8042f67,DUPE,正常,2025-04-29 10:35:00,http://www.dupe.com,fRfKGCriduzDwSudCwpL7ySCEiboNuryhZDVJtr1a1C,https://twitter.com/dupe_solana,solana,solana,solana,address_format,
2026-05-31,5ae1f53d3c894191aa6c85405d9392c9,SIGN,正常,2025-04-28 18:08:00,https://sign.global/,0x868FCEd65edBF0056c4163515dD840e9f287A4c3,https://twitter.com/sign,evm,,,,missing_chain_id
2026-05-31,470aa52c75244a5ab8e559d7c1be1787,BATTERY,正常,2025-04-28 15:00:00,https://www.thebattery.xyz/,EQANmbmdEDsMtvSFIPjJyjL9NKBlREBbIV-fMwuSGCVBIjCC,https://x.com/TheBattery_Ton,ton,ton,ton,address_format,
2026-05-31,b7749f46faf54b4291907ccabd53c420,LETSBONK,正常,2025-04-26 10:40:00,https://letsbonk.fun/,CDBdbNqmrLu1PcgjrFG52yxg71QnFhBZcUE6PSFdbonk,https://twitter.com/bonk_fun,solana,solana,solana,address_format,
2026-05-31,c88c8d902c5a45eaa28dee7b44f63bd8,PUNDIAI,正常,2025-04-25 22:00:00,https://pundi.ai/,,https://twitter.com/PundiAI,missing,,,,
2026-05-31,b97658def7fa49918d92d73fa2f14421,AIOT,正常,2025-04-25 18:00:00,https://okzoo.app/,0x55ad16Bd573B3365f43A9dAeB0Cc66A73821b4a5,https://twitter.com/okzoo_app,evm,,,,missing_chain_id
2026-05-31,5f21066a9d6f40298db2481e0d21f315,NOBODY,正常,2025-04-25 09:25:00,https://nobodysausage.club/,C29ebrgYjYoJPMGPnPSGY1q3mMGk4iDSqnQeQQA7moon,https://twitter.com/nobodysausage,solana,solana,solana,address_format,
2026-05-31,fa5787e3528045398d869a7cbf3a489d,SAL,正常,2025-04-24 22:00:00,https://salvium.io/,,https://twitter.com/salvium_io,missing,,,,
2026-05-31,d216af7e50ce40fe83300801f9f8ded9,DOLO,正常,2025-04-24 20:20:00,https://dolomite.io/,0x0F81001eF0A83ecCE5ccebf63EB302c70a39a654,https://twitter.com/Dolomite_io,evm,,,,missing_chain_id
2026-05-31,788a66abbec246568f6c00b8bae8436b,INIT,正常,2025-04-24 18:35:00,https://initia.xyz/,,https://twitter.com/initia,missing,,,,
2026-05-31,e5150c2bc75f477cb6d1a1fa002a84b8,ICECREAM,正常,2025-04-24 16:40:00,https://www.kol4u.xyz,0xD438b82543FB109F34575c825edAeEFC98f1F2b4,https://twitter.com/kol4u_xyz,evm,,,,missing_chain_id
2026-05-31,c443aae44280489aa6f9d42f53094377,ZORA,正常,2025-04-23 21:00:00,https://zora.co/,0x1111111111166b7FE7bd91427724B487980aFc69,https://twitter.com/zora,evm,,,,missing_chain_id
2026-05-31,f6240000e6524a27b772983e7a3c2c3a,JYAI,正常,2025-04-23 15:00:00,https://www.jerrytheturtle.com/,0x4E9623B7e5b6438542458f5EE828d65c24d3AF8c,https://twitter.com/JYAI_JERRY,evm,,,,missing_chain_id
2026-05-31,170939003ab045079122c3958ea0b355,CSIGMA,正常,2025-04-22 22:00:00,https://www.csigma.finance/,0x53162EC0aDae49f21515bB8ca91534Dd3872c8Db,https://x.com/csigmafinance,evm,,,,missing_chain_id
2026-05-31,670a38e4a30f4f978e36a0e8dc1e25ac,HYPER,正常,2025-04-22 19:03:00,https://hyperlane.xyz/,0x93A2Db22B7c736B341C32Ff666307F4a9ED910F5,https://twitter.com/hyperlane,evm,,,,missing_chain_id
2026-05-31,839ddb0e295e4cdd9a7a8b5243251237,EPT,正常,2025-04-21 20:00:00,https://balance.fun/,0x3Dc8e2d80b6215a1BCcAe4d38715C3520581E77c,https://twitter.com/RealBalanceFun,evm,,,,missing_chain_id
2026-05-31,c72221fc95c945f29bbdce701840b528,TROLLSOL,正常,2025-04-21 11:10:00,https://trololol.io,5UUH9RTDiSpq6HKS6bp4NdU9PNJpXRXuiw6ShBTBhgH2,https://twitter.com/trololol_io,solana,solana,solana,address_format,
2026-05-31,23837f35fa844323895c3cc113b4ef1f,BANK,正常,2025-04-18 19:00:00,https://www.lorenzo-protocol.xyz,0x3AeE7602b612de36088F3ffEd8c8f10E86EbF2bF,https://twitter.com/LorenzoProtocol,evm,,,,missing_chain_id
2026-05-31,0c30600568724b31afcfb3b16fa60330,STOOS,正常,2025-04-17 13:00:00,http://stochain.io/,0x15512e654ddc92273dceac1399e09c7fb9def476,https://twitter.com/StoChain,evm,,,,missing_chain_id
2026-05-31,c15c03d193f241bc81bb618a929cd73b,PAWS,正常,2025-04-16 19:00:00,https://paws.community/app,PAWSxhjTyNJELywYiYTxCN857utnYmWXu7Q59Vgn6ZQ,https://twitter.com/GOTPAWSED,solana,solana,solana,address_format,
2026-05-31,b5537848f56d43c887fc4ba313b10fce,PMT,正常,2025-04-16 16:00:00,https://publicmasterpiece.com,0x68Ae2F202799be2008c89e2100257e66F77DA1f3,https://twitter.com/pm_token,evm,,,,missing_chain_id
2026-05-31,3cf62a8bf5884c91800f83096feb1130,KULA,正常,2025-04-15 22:00:00,https://kula.com,0x99F2BDf00ACd067c65A79a0b6A3914C555196EA4,https://twitter.com/kula_dao,evm,,,,missing_chain_id
2026-05-31,7675547d2ac74eab998b96acd289858f,MEY,正常,2025-04-15 21:00:00,https://mey.network/,0x8bFAc1b375bf2894D6F12fb2Eb48B1C1a7916789,https://twitter.com/Mey_Network,evm,,,,missing_chain_id
2026-05-31,db524cc4533f4c01a551e10f23c25900,WCT,正常,2025-04-15 18:07:00,https://walletconnect.network/,0xeF4461891DfB3AC8572cCf7C794664A8DD927945,https://twitter.com/WalletConnect,evm,,,,missing_chain_id
2026-05-31,3d58b5033aed48dc992019976ca71771,GOHOME,正常,2025-04-14 21:00:00,https://gohometoken.com/,2Wu1g2ft7qZHfTpfzP3wLdfPeV1is4EwQ3CXBfRYAciD,https://twitter.com/GoHome_Token,solana,solana,solana,address_format,
2026-05-31,4f1d2a83ab56490fac63d56ba00e4053,KERNEL,正常,2025-04-14 19:10:00,https://kerneldao.com/,0x3f80B1c54Ae920Be41a77f8B902259D48cf24cCf,https://twitter.com/kernel_dao,evm,,,,missing_chain_id
2026-05-31,4ef81dd20bfb47beb14044d7829cb1bf,SCARCITY,正常,2025-04-12 16:00:00,https://www.scarcity.company/,0x0d67D1BEC77E562A73A65eEf5ED92aC46744671C,https://twitter.com/Scarcity_web3,evm,,,,missing_chain_id
2026-05-31,f6a7f26ff0ec4e59ad7755ebf4e6f378,PHYCHAIN,正常,2025-04-11 17:00:00,https://www.phychian.com/#/,0x1931160CC6C5Bb1e44FCf590DB51d9E86723EF54,https://x.com/Phy_Chain,evm,,,,missing_chain_id
2026-05-31,6ab934f9960d486b92f5b4b18dc342b4,PROMPT,正常,2025-04-10 21:00:00,https://www.wayfinder.ai/,0x28d38dF637dB75533bD3F71426F3410a82041544,https://twitter.com/AIWayfinder,evm,,,,missing_chain_id
2026-05-31,bc1e1a62f58248a8a161cdf701b1a9d9,FHE,正常,2025-04-10 20:00:00,https://www.mindnetwork.xyz/,0xd55C9fB62E176a8Eb6968f32958FeFDD0962727E,https://twitter.com/mindnetwork_xyz,evm,,,,missing_chain_id
2026-05-31,d49bd3ddd4c146ac8ec937aca664218a,BABY,正常,2025-04-10 17:10:00,http://babylon.foundation,,https://twitter.com/bbn_foundation,missing,,,,
2026-05-31,786e5598cb5d40bebe4cb5bdc213d2d0,ALE,正常,2025-04-07 16:00:00,https://myailey.com/,0x9dCE13E71B11eb5Df66ca269bD657696587Fd4E2,https://twitter.com/aileyverse,evm,,,,missing_chain_id
2026-05-31,2c32fd95361148ca8285b79f35120dc6,AUC,正常,2025-04-04 14:00:00,https://aucunited.com/,0x1584B02D095a4B1b9a11a4049193d155B4F75454,https://twitter.com/AUC_Project,evm,,,,missing_chain_id
2026-05-31,f34e35ad8340484097fde2c2ef26ea19,EDGE1,正常,2025-04-03 19:20:00,https://www.definitive.fi,0xED6E000dEF95780fb89734c07EE2ce9F6dcAf110,https://twitter.com/DefinitiveFi,evm,,,,missing_chain_id
2026-05-31,6f1537421ed246028552b589a4fb7690,STO,正常,2025-04-03 16:30:00,https://stakestone.io/,0x1D88713b483A8E45cfF0e5CD7c2e15E5Fab4534d,https://twitter.com/Stake_Stone,evm,,,,missing_chain_id
2026-05-31,d0303f9481b14db5be76e57c4118573d,LEARN,正常,2025-04-02 22:00:00,https://brainedge.ai,0xf6AD4965F7779C6b8ae4d25BF2a2E009A47C3dAe,https://twitter.com/learn_brainedge,evm,,,,missing_chain_id
2026-05-31,0bfab54aad424ef8a6fa61367683c3a9,PUMPBTC,正常,2025-04-02 00:45:00,https://pumpbtc.xyz/,0xB7C0007ab75350c582d5eAb1862b872B5cF53F0C,https://twitter.com/Pumpbtcxyz,evm,,,,missing_chain_id
2026-05-31,12be20f7617445219166d83f402c7902,HOUSE,正常,2025-04-01 10:30:00,https://housecoin.meme/,DitHyRMQiSDhn5cnKMJV2CDDt6sVct96YrECiM49pump,https://twitter.com/HousecoinOnSol,solana,solana,solana,address_format,
2026-05-31,3d37ea0851e94bc89219f70114c2b730,GUN,正常,2025-03-31 21:00:00,https://gunbygunz.com/,,https://twitter.com/GUNbyGUNZ,missing,,,,
2026-05-31,b2b277a2e6134738881d5246b780abd5,VARA,正常,2025-03-31 18:00:00,https://vara.network/,,https://twitter.com/VaraNetwork,missing,,,,
2026-05-31,f2aadc7e624f4bca8afcf3ccd28bf2af,IMGN,正常,2025-03-28 22:00:00,https://imgn.org,0x9BbA915F036158582C20B51113B925f243A1A1A1,https://twitter.com/imgn_ai,evm,,,,missing_chain_id
2026-05-31,c5bfe42711b04686b8235d4818d9a6d3,CORN,正常,2025-03-28 18:02:00,https://usecorn.com/,0x44f49ff0da2498bCb1D3Dc7C0f999578F67FD8C6,https://twitter.com/use_corn,evm,,,,missing_chain_id
2026-05-31,a29cccb3a78342efaa879ffd7834a4a1,KILO,正常,2025-03-27 20:00:00,https://www.kiloex.io,0x503Fa24B7972677F00C4618e5FBe237780C1df53,https://twitter.com/KiloEx_perp,evm,,,,missing_chain_id
2026-05-31,9a60204a0e5744e0a7f9b5bad9d598d7,IMT,正常,2025-03-27 18:00:00,https://immortalrising2.com/,0xe2616122eD554bd693335E9143C47Df187a86EF3,https://twitter.com/immortalrising2,evm,,,,missing_chain_id
2026-05-31,baeff61b753448a1af9851274e5df056,WAL,正常,2025-03-27 18:00:00,https://www.walrus.xyz,0x356a26eb9e012a68958082340d4c4116e7f55615cf27affcff209cf0ae544f59::wal::WAL,https://twitter.com/walrusprotocol,other,,,,
2026-05-31,d45d3405a50c4a0cbffc1dbb41dbf625,M87,正常,2025-03-26 19:00:00,https://messier.app/,0x80122c6a83C8202Ea365233363d3f4837D13e888,https://twitter.com/MessierM87,evm,,,,missing_chain_id
2026-05-31,874b3b6e6b11462688288f2f1ec4226d,AMI,正常,2025-03-26 18:00:00,https://amnis.finance/,0xb36527754eb54d7ff55daf13bcb54b42b88ec484bd6f0e3b2e0d1db169de6451,https://twitter.com/AmnisFinance,other,,,,
2026-05-31,989bc0c704e8486f85ff6368226fa5b2,MIU,正常,2025-03-25 23:00:00,https://miucoin.org,0x32a976482bf4154961bf20bfa3567a80122fdf8e8f8b28d752b609d8640f7846::miu::MIU,https://twitter.com/miucoin_sui,other,,,,
2026-05-31,5293a3821ae34547961e144325d3507b,TIBBIR,正常,2025-03-25 19:50:00,https://app.virtuals.io/virtuals/18820,0xA4A2E2ca3fBfE21aed83471D28b6f65A233C6e00,https://twitter.com/ribbita2012,evm,,,,missing_chain_id
2026-05-31,8cc1a10064c248feaf377932a0e81f1b,PARTI,正常,2025-03-25 19:10:00,https://particle.network/,0x59264f02D301281f3393e1385c0aEFd446Eb0F00,https://twitter.com/ParticleNtwrk,evm,,,,missing_chain_id
2026-05-31,44dc991baa3e44a1854f62c089d307a2,GRAMPUS,正常,2025-03-25 18:00:00,https://gram.voyage,0x856D602E73545deAA1491a3726cF628d49f74F51,https://x.com/gram_voyage,evm,,,,missing_chain_id
2026-05-31,e98f19b0b2404a939a857fef7b5716c3,NIL,正常,2025-03-24 19:30:00,https://www.nillion.com/,,https://twitter.com/nillion,missing,,,,
2026-05-31,8d31d4e96b01486ab8965b3b9e4b88e5,HYPE,正常,2025-03-24 14:00:00,https://hyperliquid.xyz/,,https://twitter.com/HyperliquidX,missing,,,,
2026-05-31,59e2eff942834e4cb49adf9325213f09,MNSRY,正常,2025-03-19 21:00:00,https://mnsry.com/,1xdtu7y3LkkrVCAbm5KGKfYzq1qgKhxxk5AaJBqpump,https://twitter.com/MANSORYofficial,solana,solana,solana,address_format,
2026-05-31,a7319fd239cd498d9e4bb3a4cd27d7f4,FORM,正常,2025-03-19 18:00:00,https://official.four.meme/,0x5b73A93b4E5e4f1FD27D8b3F8C97D69908b5E284,https://twitter.com/Four_FORM_,evm,,,,missing_chain_id
2026-05-31,0cc6ee7392bf42f89bd1e85ed432f5e7,TUT,正常,2025-03-17 21:30:00,https://www.tutorialtoken.com,0xCAAE2A2F939F51d97CdFa9A86e79e3F085b799f3,https://twitter.com/tutorialtoken,evm,,,,missing_chain_id
2026-05-31,c2fbd0fec371424992e46f9d8915ae70,BRL,正常,2025-03-17 20:00:00,,,,missing,,,,
2026-05-31,0cc83497e5c345a49163783b930ff455,XP,正常,2025-03-17 17:00:00,https://x-phere.com/,,https://twitter.com/Xphere_official,missing,,,,
2026-05-31,94d2925a64454c6cb7adbe92d34b5239,EPIC,正常,2025-03-14 22:00:00,https://epicchain.io/,0x94314a14Df63779c99C0764a30e0CD22fA78fC0E,https://twitter.com/EpicOnChain,evm,,,,missing_chain_id
2026-05-31,7fb7852b2aba4d869dde7bd0f1598568,AO,正常,2025-03-14 14:00:00,https://ao.arweave.net/,,https://twitter.com/aoTheComputer,missing,,,,
2026-05-31,0abc17c8a8e84b69aca64ba0dc2e18ae,MUBARAK,正常,2025-03-14 12:35:00,https://www.mubarak-cto.com/,0x5C85D6C6825aB4032337F11Ee92a72DF936b46F6,https://twitter.com/mubarak_cto,evm,,,,missing_chain_id
2026-05-31,dfe8463413434e30a7e880ee683c6328,LVVA,正常,2025-03-12 22:00:00,https://levva.fi,0x6243558a24CC6116aBE751f27E6d7Ede50ABFC76,https://twitter.com/levva_fi,evm,,,,missing_chain_id
2026-05-31,ab474aa7ce6045aa99a0dd17f02efb35,TRC,正常,2025-03-12 20:00:00,https://www.terrace.fi/,0xC23E4352cdBa6Fc951398bf274619C4529eAc867,https://x.com/terrace_fi,evm,,,,missing_chain_id
2026-05-31,6087c5dcad574d668bf653879a4f5dbc,SOEX,正常,2025-03-11 20:00:00,https://shelterofexiles.com,EQCPrad8ocDuIp4bAbGbxdA7BWdWE2Gs4OiAL7Yrrtu6BQMI,https://twitter.com/Play_SoE,ton,ton,ton,address_format,
2026-05-31,fe9ca98a41a6446d91e7d25077eac306,BMT,正常,2025-03-11 19:10:00,https://bubblemaps.io,FQgtfugBdpFN7PZ6NdPrZpVLDBrPGxXesi4gVu3vErhY,https://twitter.com/bubblemaps,solana,solana,solana,address_format,
2026-05-31,7fb87f44b06c4aeb989666558125d6d5,RED,正常,2025-03-06 20:10:00,https://redstone.finance/,0xc43C6bfeDA065fE2c4c11765Bf838789bd0BB5dE,https://twitter.com/redstone_defi,evm,,,,missing_chain_id
2026-05-31,aaf5b4f13edf4847b22835917ac851f4,ROAM,正常,2025-03-06 18:00:00,https://weroam.xyz/,RoamA1USA8xjvpTJZ6RvvxyDRzNh6GCA1zVGKSiMVkn,https://twitter.com/weRoamxyz,solana,solana,solana,address_format,
2026-05-31,c207872fd9934a37acd75e30cf0d566e,USDE,正常,2025-02-27 18:00:00,https://www.ethena.fi/,0x4c9EDD5852cd905f086C759E8383e09bff1E68B3,https://twitter.com/ethena_labs,evm,,,,missing_chain_id
2026-05-31,4e5d2aa98ae441b3bf154a0df4c4d7fe,BZR,正常,2025-02-27 17:00:00,https://bazaars.io/,0xa0A675d08Ca63066f48408136F8A71Fc65BE4AfC,https://twitter.com/BazaarsBzr,evm,,,,missing_chain_id
2026-05-31,b0427ba76d5f4b3bbb5dce0cc92e784f,BDCA,正常,2025-02-26 23:00:00,https://www.bitdca.com,0x0c8382719ef242CaE2247E4DeCb2891fBF699818,https://twitter.com/bitdcaOFFICIAL,evm,,,,missing_chain_id
2026-05-31,1f7a15b774864486894f86dfcaf56beb,COLLAT,正常,2025-02-26 18:00:00,https://collaterize.com,C7heQqfNzdMbUFQwcHkL9FvdwsFsDRBnfwZDDyWYCLTZ,https://twitter.com/collaterize,solana,solana,solana,address_format,
2026-05-31,3e2dd24f788d4d899386fab956792733,EUR,正常,2025-02-26 18:00:00,,,,missing,,,,
2026-05-31,fd6d2a1984a14b6d9e82dcee2c369cde,AUTONOMI,正常,2025-02-25 19:00:00,https://autonomi.com,0xa78d8321B20c4Ef90eCd72f2588AA985A4BDb684,https://twitter.com/WithAutonomi,evm,,,,missing_chain_id
2026-05-31,1a58fc19b8d447d9b1282483e1075c1a,GBCK,正常,2025-02-24 20:00:00,https://www.goldbrick.io,0xdf5c227aB75D309D46fB9Df0F7Fa043e4534d2aB,https://twitter.com/state1world,evm,,,,missing_chain_id
2026-05-31,c0106e7e91db4140996477d920508705,DHN,正常,2025-02-24 18:00:00,https://dohrnii.io/,0x32462bA310E447eF34FF0D15BCE8613aa8C4A244,https://twitter.com/Dohrnii_io,evm,,,,missing_chain_id
2026-05-31,2956d3490bd34e27b401a7d854a9ebdf,FARTBOY,正常,2025-02-21 22:00:00,https://fartboycto.com/,y1AZt42vceCmStjW4zetK3VoNarC1VxJ5iDjpiupump,https://twitter.com/FARTBOY_CTO,solana,solana,solana,address_format,
2026-05-31,10e39a8c27b140a1bf4f52511b8e36e1,RIZ,正常,2025-02-21 21:00:00,https://rivalz.ai/,0x67543CF0304C19CA62AC95ba82FD4F4B40788dc1,https://twitter.com/Rivalz_AI,evm,,,,missing_chain_id
2026-05-31,2a6d29a01e4d451d8fbbfab37929aa0c,KAITO,正常,2025-02-20 20:20:00,https://yaps.kaito.ai/,0x98d0baa52b2D063E780DE12F615f963Fe8537553,https://twitter.com/kaitoai,evm,,,,missing_chain_id
2026-05-31,9cf58ad4fbe147c59472c9848e760aab,PI,正常,2025-02-20 16:00:00,https://minepi.com,,https://twitter.com/PiCoreTeam,missing,,,,
2026-05-31,2e9db151e4114446872820b8eb4740a0,AIW,正常,2025-02-20 12:00:00,https://stabilityworld.ai/,0x0eA82A52dA127BB06740b4B2B2863fEfE9C34011,https://x.com/StabilityW_AI,evm,,,,missing_chain_id
2026-05-31,257eac4d6806429980ed7588899409a8,QUAI,正常,2025-02-20 10:40:00,https://qu.ai/,,https://twitter.com/QuaiNetwork,missing,,,,
2026-05-31,442cbdb0ebc64e33be40474044ac9a09,BROCCOLIF3B,正常,2025-02-18 23:10:00,https://firstbroccoli.com/,0x12B4356C65340Fb02cdff01293F95FEBb1512F3b,https://twitter.com/FirstBroccoli,evm,,,,missing_chain_id
2026-05-31,21c497d8a2394d16ab59552d2a6d601e,VIVI,正常,2025-02-18 19:00:00,https://www.lh-s.org/,9RUup1LmD5PBsnd23JmTy39wSwALB7JF7xMfUJP8K7je,https://x.com/lh_vivi_,solana,solana,solana,address_format,
2026-05-31,285425a83a454a6e8bc6e0726e35212e,XOXO,正常,2025-02-17 22:00:00,https://xoapp.co,0xc799AdA44171b741Abf41Ee54fb1B47fda5960bE,https://twitter.com/XO_app,evm,,,,missing_chain_id
2026-05-31,f8d1de8c39414b25be798e7075de6e28,PEP,正常,2025-02-17 12:00:00,https://pepecoin.org,,https://twitter.com/PepecoinNetwork,missing,,,,
2026-05-31,92603593fbb14904981efa873532e7b7,BROCCOLI,正常,2025-02-14 00:55:00,https://www.broccoli714.site/,0x6d5ad1592ed9d6d1df9b93c793ab759573ed6714,https://twitter.com/broccoli714bnb,evm,,,,missing_chain_id
2026-05-31,0e1f9e445f5b40d69570703a097dd408,SHELL,正常,2025-02-13 22:05:00,https://myshell.ai/,0xf2c88757f8d03634671208935974B60a2a28Bdb3,https://twitter.com/myshell_ai,evm,,,,missing_chain_id
2026-05-31,847ac7e27b2c47d6a99444bdc4ec76c1,IP,正常,2025-02-13 17:00:00,https://www.story.foundation/,,https://twitter.com/StoryProtocol,missing,,,,
2026-05-31,a8cdeb4e96444e8aab7238239fa985ed,SOLVEX,正常,2025-02-12 22:00:00,https://solvexnetwork.io,0x8c47Fcbcf4fC23f57B59527a96EE3B0944c3946C,https://twitter.com/SolvexNetwork,evm,,,,missing_chain_id
2026-05-31,201c273153c9490395672bc17a9d4ca1,SVTS,正常,2025-02-12 21:00:00,www.syncvault.com,0xb4e017223Fd3D639d0264DE4Da1b9E080325Cb5E,https://twitter.com/wearesyncvault?s=21&t=fCVT7HYCZPe2xbm2LDuCnA,evm,,,,missing_chain_id
2026-05-31,f92cfe450b864b92a7e7ee6090a95019,AVL,正常,2025-02-12 18:00:00,https://www.avalonfinance.xyz/,0x5c8D0C48810FD37A0A824D074ee290E64f7A8Fa2,https://twitter.com/avalonfinance_,evm,,,,missing_chain_id
2026-05-31,8040fc783dd24b05b378bd7aa344bf3d,DIAM,正常,2025-02-12 16:00:00,https://www.diamante.io/,0x1FA0f5ed24a1a2b43741E88F8FEc19633e67082B,https://twitter.com/diamante_io,evm,,,,missing_chain_id
2026-05-31,caa679ba3b04460ea47a987221fa6008,LAYER,正常,2025-02-11 21:00:00,https://www.solayer.org,LAYER4xPpTCb3QL8S9u41EAhAX7mhBn8Q6xMTwY2Yzc,https://twitter.com/solayer_labs,solana,solana,solana,address_format,
2026-05-31,2b031b9f77544c0d84bfc0b7dc5b9fe8,HEI,正常,2025-02-11 20:00:00,https://www.heima.network/,0xF8F173E20e15f3b6CB686FB64724D370689De083,https://twitter.com/heimaNetwork,evm,,,,missing_chain_id
2026-05-31,e0d31d70b42743dc953de4ad5a83ca8f,HVLO,正常,2025-02-11 18:00:00,https://hivello.com,Gdck9KXSSiMMhNyjUjo4sVT1GDzeZnZP2yse9jhax3GR,https://twitter.com/HivelloOfficial,solana,solana,solana,address_format,
2026-05-31,cd4cfe75838c413881c0a1b45eb70247,CAPTAINBNB,正常,2025-02-11 10:30:00,https://captainbnb.xyz/,0x47A1EB0b825b73e6A14807BEaECAFef199d5477c,https://twitter.com/CaptainBNB_bsc,evm,,,,missing_chain_id
2026-05-31,647583dfd93244d39088f190dafe432c,B3,正常,2025-02-10 21:00:00,https://b3.fun/,0xB3B32F9f8827D4634fE7d973Fa1034Ec9fdDB3B3,https://twitter.com/b3dotfun,evm,,,,missing_chain_id
2026-05-31,65a6c90d20684aaba62f719d5e131357,TJRM,正常,2025-02-10 20:00:00,https://www.tajirtechhub.com/,4AdDFsG1xzz1L7zKGo2fbiqv256Z92u8uCcJCgYuTBLo,https://twitter.com/tajirtechhub,solana,solana,solana,address_format,
2026-05-31,8d18ea7bc9ce4a2190514f73e628ff28,OKM,正常,2025-02-10 13:00:00,https://okami.org/,0x6f0e4623C17fad316f61432E873765EFe5010681,https://x.com/okami_project,evm,,,,missing_chain_id
2026-05-31,da5790869b5e4c8eb79663b1c325136a,TST,正常,2025-02-06 21:35:00,https://testtoken.vip/,0x86Bb94DdD16Efc8bc58e6b056e8df71D9e666429,https://twitter.com/TestonBSC,evm,,,,missing_chain_id
2026-05-31,e47c124c41d549449b2dfbb36c8c5fb8,BERA,正常,2025-02-06 20:15:00,https://berachain.com/,,https://twitter.com/berachain,missing,,,,
2026-05-31,0fd3e72706114f5fb9cca094040206ba,SFI,正常,2025-02-06 20:00:00,https://singularityfinance.ai,0x7636D8722Fdf7cd34232a915E48e96aA3eB386BF,https://twitter.com/Singularity_Fi,evm,,,,missing_chain_id
2026-05-31,a66d559fe1f84f9abe392879ee12dab7,A47,正常,2025-02-06 16:00:00,https://a47news.ai/,CN162nCPpq3DxPCyKLbAvEJeB1aCxsnVTEG4ZU8vpump,https://twitter.com/a47news_ai,solana,solana,solana,address_format,
2026-05-31,e5bac859a1b7448b851ed218c70ad869,NTMPI,正常,2025-02-05 22:00:00,https://timpi.io/,,https://x.com/Timpi_TheNewWay,missing,,,,
2026-05-31,9082eeaa99d1435884ec6e78981259e9,MOONED,正常,2025-02-05 19:00:00,https://moonedge.finance/,0x7E4c577ca35913af564ee2a24d882a4946Ec492B,https://twitter.com/moon3dge,evm,,,,missing_chain_id
2026-05-31,dcc42a627d8b429a9f69c9d3efe9cffb,WHITE,正常,2025-02-04 18:00:00,https://WhiteRock.fi,0x9cdf242Ef7975D8c68D5C1F5B6905801699b1940,https://twitter.com/whiterock_Fi,evm,,,,missing_chain_id
2026-05-31,f1c0f42f03d140fe88dafbb4eb814636,JELLYJELLY,正常,2025-01-30 09:10:00,https://www.jellyjelly.com/,FeR8VBqNRSUD5NtXAj2n3j1dAHkZHfyDktKuLXD4pump,https://x.com/lessin,solana,solana,solana,address_format,
2026-05-31,5360123869014e40a4d9913a2d141b1a,VVV,正常,2025-01-28 09:20:00,https://venice.ai/home,0xacfE6019Ed1A7Dc6f7B508C02d1b04ec88cC21bf,https://twitter.com/AskVenice,evm,,,,missing_chain_id
2026-05-31,75696c2854764cd7966992ac75c826a1,ANON,正常,2025-01-27 20:00:00,https://heyanon.ai/,9McvH6w97oewLmPxqQEoHUAv3u5iYMyQ9AeZZhguYf1T,https://twitter.com/HeyAnonai,solana,solana,solana,address_format,
2026-05-31,1a8b711235c843fd9e1abc3f65b8ce8b,SLC,正常,2025-01-24 22:00:00,https://www.silencio.network/,0x5c3126bfb9a68a7021d461230127470b3824886b,https://x.com/silencioNetwork,evm,,,,missing_chain_id
2026-05-31,201eec23fed9480d941e3d4db522089d,SOSO,正常,2025-01-24 18:00:00,https://sosovalue.com/,0x76A0e27618462bDAC7a29104bdcfFf4E6BFCea2D,https://twitter.com/SoSoValueCrypto,evm,,,,missing_chain_id
2026-05-31,ce905f1f35884ba181e6962a889ab487,EMYC,正常,2025-01-23 22:00:00,https://emoney.io/,0xe3f53c0d48360de764dDc2a1A82c3e6DB5d4624d,https://twitter.com/emoney_network,evm,,,,missing_chain_id
2026-05-31,b18ac623e11d4fe5b6e24ce8db8cd470,ANIME,正常,2025-01-23 21:20:00,https://www.anime.xyz,0x4DC26fC5854e7648a064a4ABD590bBE71724C277,https://twitter.com/Animecoin,evm,,,,missing_chain_id
2026-05-31,eb73ae2f0de942b68436e8b5e2954dba,BID,正常,2025-01-23 21:00:00,https://creator.bid/,0xa1832f7F4e534aE557f9B5AB76dE54B1873e498B,https://twitter.com/CreatorBid,evm,,,,missing_chain_id
2026-05-31,9328b4a7dcf34b8a92f5a02000fd37ef,VINE,正常,2025-01-23 12:20:00,,6AJcP7wuLwmRYLBNbi825wgguaPsWzPBEHcHndpRpump,https://twitter.com/rus/status/1882238027663335509,solana,solana,solana,address_format,
2026-05-31,8da17c9eecec452ca493ef659a13c763,IXS,正常,2025-01-22 17:00:00,https://www.ixs.finance,0x73d7c860998ca3c01ce8c808f5577d94d545d1b4,https://twitter.com/IxsFinance,evm,,,,missing_chain_id
2026-05-31,4493f8e4ec734e95a1d0b14749fcbd7b,AEROBUD,正常,2025-01-21 19:00:00,https://aerobud.org/,0xFad8CB754230dbFd249Db0E8ECCb5142DD675a0d,https://twitter.com/AeroBudCoin,evm,,,,missing_chain_id
2026-05-31,f82cbf758c6a4315b3fefa2006d40dd0,PLUME,正常,2025-01-21 17:00:00,https://plume.org,0x4C1746A800D224393fE2470C70A35717eD4eA5F1,https://twitter.com/plumenetwork,evm,,,,missing_chain_id
2026-05-31,b0a3c778df744d209f6eabcc3b733118,CHIRP,正常,2025-01-20 22:00:00,https://chirptoken.io/,0x1ef4c0b20340b8c6a59438204467ca71e1e7cbe918526f9c2c6c5444517cd5ca::chirp::CHIRP,https://twitter.com/chirpdewi,other,,,,
2026-05-31,da5d0b9340544456b6b98a66a52585c8,TRT,正常,2025-01-20 22:00:00,https://trust-ai.io/,0x63db244bC895b3AcCEC6698cE11b0dbD1d3e1C44,https://twitter.com/TRUST_AI_,evm,,,,missing_chain_id
2026-05-31,235ea367802f49d8a39a743c1b318663,OBT,正常,2025-01-20 18:00:00,https://www.orbiter.finance,0x1CD9a56c8C2eA913c70319A44Da75e99255aa46f,https://twitter.com/Orbiter_Finance,evm,,,,missing_chain_id
2026-05-31,73fd9cc00c184533a4bd1acf3398c839,MELANIA,正常,2025-01-20 09:00:00,https://melaniameme.com/,FUAfBo2jgks6gB4Z4LfZkqSZgzNucisEHqnNebaRxM1P,https://twitter.com/MELANIATRUMP,solana,solana,solana,address_format,
2026-05-31,9e14f709b84e46ef86f0900689399dc6,BULLS,正常,2025-01-19 21:00:00,https://battlebulls.com,sgoaR28U2uFjURPsCa29LoLcLv2Zmq28ij,https://x.com/Battle__Games,solana,solana,solana,address_format,
2026-05-31,10b0afc1bd53460a92cfd3eab4a4f9b4,TRUMP,正常,2025-01-18 11:20:00,https://gettrumpmemes.com/,6p6xgHyF7AeE6TZkSmFsko444wqoP15icUSqi2jfGiPN,https://twitter.com/GetTrumpMemes,solana,solana,solana,address_format,
2026-05-31,467494e2e18f41588a6e4b32d35552c7,VERT,正常,2025-01-17 21:00:00,https://tonviewer.com/EQDfglfrf0Os38cKPHaOKqQenJpls2s0cey8acQFjPC_VERT?section=holders,EQDfglfrf0Os38cKPHaOKqQenJpls2s0cey8acQFjPC_VERT,https://twitter.com/the_vertus,ton,ton,ton,address_format,
2026-05-31,5c1aa04f3d66427f87878cc4174c836d,VEE,正常,2025-01-17 20:00:00,https://zee-verse.com/,0x0CAAdd427A6Feb5B5Fc1137eB05aA7Ddd9c08ce9,https://twitter.com/ZeeverseGame,evm,,,,missing_chain_id
2026-05-31,9a4d7224b9b04ee2a1e32439da124440,SOLV,正常,2025-01-17 18:00:00,https://Solv.finance/?chl=CMC,0xabE8E5CabE24Cb36df9540088fD7cE1175b9bc52,https://twitter.com/SolvProtocol,evm,,,,missing_chain_id
2026-05-31,1bd1e30a0c8b489b9bdc1579fb0bc08e,NC,正常,2025-01-17 18:00:00,https://www.nodepay.ai/,B89Hd5Juz7JP2dxCZXFJWk4tMTcbw7feDhuWGb3kq5qE,https://twitter.com/nodepay_ai,solana,solana,solana,address_format,
2026-05-31,55b7b3bc82914936888a4ba4adc6c109,HAROLD,正常,2025-01-16 23:00:00,https://harold.vip,3vgopg7xm3EWkXfxmWPUpcf7g939hecfqg18sLuXDzVt,https://twitter.com/haroldsolmeme,solana,solana,solana,address_format,
2026-05-31,bfb2dc215dc04cd8b3179e53cb9eead1,MXNA,正常,2025-01-16 20:00:00,https://darkmachinegame.com,0x0a2A015A15A8E019aBc386FEE88B8A6d7A0D90df,https://twitter.com/DarkMachineGame,evm,,,,missing_chain_id
2026-05-31,90264d91e44d4861bed3d95d0e1bbbc1,DUCK,正常,2025-01-16 18:00:00,https://duckchain.io/,EQDWXjnVWheFemaAaFn-Cp4nDehvGllrXOZ8wqHm8sDEwn_c,https://twitter.com/Duck_Chain,ton,ton,ton,address_format,
2026-05-31,ee60894e02ce4a0db1ed327803ad82ac,GPS,正常,2025-01-16 18:00:00,https://gopluslabs.io,0x0C1dC73159e30c4b06170F2593D3118968a0DCa5,https://twitter.com/GoPlusSecurity,evm,,,,missing_chain_id
2026-05-31,3be200ae4bef4ff29e30dfa1479f9254,PROM,正常,2025-01-15 22:40:00,https://prom.io/,0xfc82bb4ba86045Af6F327323a46E80412b91b27d,https://twitter.com/prom_io,evm,,,,missing_chain_id
2026-05-31,9123094523b9404cbbe73b9326185b49,TCAPY,正常,2025-01-15 21:00:00,https://www.toncapy.com/,0x045C2767A6CAE0a4551f40E4e8d250af94FE056B,https://twitter.com/Ton_Capy,evm,,,,missing_chain_id
2026-05-31,1a36eecf0ce94acc847d57f40af95499,KEYCAT,正常,2025-01-15 16:30:00,https://keyboardcat.fun,0x9a26F5433671751C3276a065f57e5a02D2817973,https://twitter.com/KeyboardCatBase,evm,,,,missing_chain_id
2026-05-31,6bb0180c92b440009d4fea986c047492,TREAT,正常,2025-01-14 19:00:00,https://www.shib.io,0xa02C49Da76A085e4E1EE60A6b920dDbC8db599F4,https://twitter.com/shibtoken,evm,,,,missing_chain_id
2026-05-31,f368e24f580a4d4ba277906264e780fc,EFFECT,正常,2025-01-11 20:00:00,https://effect.ai,EFFECT1A1R3Dz8Hg4q5SXKjkiPc6KDRUWQ7Czjvy4H7E,https://twitter.com/effectaix,solana,solana,solana,address_format,
2026-05-31,80e32718ce0b49eab851189f6e7c70f2,ASTRAAI,正常,2025-01-10 22:00:00,https://chatastra.ai,0x0aA8A7D1fB4c64B3b1DcEa9A7ADe81C59C25b95b,https://twitter.com/AstraLabs_Inc,evm,,,,missing_chain_id
2026-05-31,7eea94c46d624f72a2a5cba9dfdba01a,D,正常,2025-01-10 20:00:00,https://www.dalarnia.com/,0x33b481CbBF3c24f2B3184Ee7Cb02dAAD1C4F49A8,https://twitter.com/DarOpenNetwork,evm,,,,missing_chain_id
2026-05-31,c4605e4d385245499eccfacf1a39e687,SOH,正常,2025-01-10 16:00:00,https://stohncoin.org,,https://twitter.com/stohncoin,missing,,,,
2026-05-31,5ce419d2bd8d4bc78c6660d822ced731,LAVA,正常,2025-01-09 18:00:00,https://www.lavanet.xyz/,0x11e969e9B3f89cB16D686a03Cd8508C9fC0361AF,https://twitter.com/lavanetxyz,evm,,,,missing_chain_id
2026-05-31,8a98a54f69ed48a1b04538067ebf4d53,SUT,正常,2025-01-08 20:00:00,https://supertrust.club/,0x98965474EcBeC2F532F1f780ee37b0b05F77Ca55,https://twitter.com/SuperTrust_SUT,evm,,,,missing_chain_id
2026-05-31,ed86f129443542d4b3646120927939c5,XTER,正常,2025-01-08 18:00:00,https://xter.io,0xefd4bC9afD210517803f293ABABd701CaeeCdfd0,https://twitter.com/XterioGames,evm,,,,missing_chain_id
2026-05-31,592e192480d144878e7fdb38fa32a645,HINT,正常,2025-01-07 22:00:00,http://hiveintelligence.xyz,0x91dA780BC7f4B7Cf19ABE90411a2a296Ec5FF787,https://twitter.com/Hive_Intel,evm,,,,missing_chain_id
2026-05-31,5a9da9536af84dd2a90fa4642bd903bc,SONIC,正常,2025-01-07 20:00:00,https://www.sonic.game/,SonicxvLud67EceaEzCLRnMTBqzYUUYNr93DBkBdDES,https://twitter.com/SonicSVM,solana,solana,solana,address_format,
2026-05-31,ac344395e3e9444aae673bef735f916d,S,正常,2025-01-07 14:00:00,https://www.soniclabs.com/,,https://twitter.com/SonicLabs,missing,,,,
2026-05-31,49ea7a8e337a4e3dae7963d97aefd38e,SERAPH,正常,2025-01-06 20:00:00,https://www.seraph.game/,0xd6B48CCF41a62EB3891e58D0F006B19B01d50cCa,https://twitter.com/Seraph_global,evm,,,,missing_chain_id
2026-05-31,cd8128294809456fbdd2b37d565e3d10,XPM,正常,2025-01-03 21:00:00,https://xpmarket.com,XPM,https://twitter.com/xpmarket,other,,,,
2026-05-31,b4e7e60bad8747a9865251f0ad81c78b,BIO,正常,2025-01-03 17:10:00,https://bio.xyz,0xcb1592591996765Ec0eFc1f92599A19767ee5ffA,https://twitter.com/bioprotocol,evm,,,,missing_chain_id
2026-05-31,0c93387197d747fbb3f51a1fb666f125,FLOCK,正常,2024-12-31 20:00:00,https://flock.io,0x5aB3D4c385B400F3aBB49e80DE2fAF6a88A7B691,https://twitter.com/flock_io,evm,,,,missing_chain_id
2026-05-31,9fd4b45dfd844b0a9ddcee5913d863b8,RAI,正常,2024-12-31 18:00:00,https://www.reploy.ai/,0xc575BD129848Ce06A460A19466c30E1D0328F52C,https://twitter.com/reployai,evm,,,,missing_chain_id
2026-05-31,5f330db8e3504252b29926c8805c7f4d,VADER,正常,2024-12-31 11:30:00,https://app.virtuals.io/virtuals/896,0x731814e491571A2e9eE3c5b1F7f3b962eE8f4870,https://twitter.com/Vader_AI_,evm,,,,missing_chain_id
2026-05-31,42a7dd28d55744eeb95d00f923d1ed15,BUTTHOLE,正常,2024-12-30 15:00:00,https://buttholecoin.dev/,CboMcTUYUcy9E6B3yGdFn6aEsGUnYV6yWeoeukw6pump,https://twitter.com/thebuttholecoin,solana,solana,solana,address_format,
2026-05-31,7611bf4e03e347a4885d93dc983da7a4,KEKIUS,正常,2024-12-28 13:10:00,https://kekiusmaximus.vip,0x26E550AC11B26f78A04489d5F20f24E3559f7Dd9,https://twitter.com/KekiusMaximusI,evm,,,,missing_chain_id
2026-05-31,b9c179042b7d4dc3b0593305bd3a2549,PHNIX,正常,2024-12-27 23:00:00,https://phnix.lol/,50484E4958000000000000000000000000000000,https://twitter.com/phnix_xrp,other,,,,
2026-05-31,9d4a5b0cae3d4fd7ad12ed69de92853f,WALLET,正常,2024-12-27 20:00:00,https://www.ambire.com/,0x88800092fF476844f74dC2FC427974BBee2794Ae,https://twitter.com/ambire,evm,,,,missing_chain_id
2026-05-31,8c1029ac07dc48f1a71d88520dc5a3a1,SNAI,正常,2024-12-27 15:00:00,https://swarmnode.ai/,APbVLtq66bKBpUUdncHtVSab9TM1UrcqZ9wodXzmpump,https://twitter.com/swarmnode,solana,solana,solana,address_format,
2026-05-31,9d976c09d4a848588e5cc409d970cd7d,ATT,正常,2024-12-26 19:00:00,https://www.attglobal.io/,0xcCCf7C6552437ab1504C384C6Ed4501dAa3a9aC6,https://x.com/aiwayworld,evm,,,,missing_chain_id
2026-05-31,fae1bf45a947470993cc4038a55bf8ab,FAR,正常,2024-12-26 18:00:00,https://www.farlabs.ai,0xC44F9f08E524669E5DEeEBC9EB142c81edfAd178,https://twitter.com/FARLabsAI,evm,,,,missing_chain_id
2026-05-31,a368baae42f34756972a09da05f5ef40,ALCH,正常,2024-12-25 11:00:00,https://www.alchemistai.app/,HNg5PYJmtqcmzXrv6S9zP1CDKk5BgDuyFBxbvNApump,https://twitter.com/alchemistAIapp,solana,solana,solana,address_format,
2026-05-31,86577a25011a4dba9dc9427e084523ef,VAMEON,正常,2024-12-24 17:00:00,https://vameon.com,0xa4c3497b57C8b6D510F3707A1e9694fD791f45FB,https://twitter.com/vameon69,evm,,,,missing_chain_id
2026-05-31,b1dd029941474da19bc6b8ec8d312183,GAMEVIRTUAL,正常,2024-12-24 16:30:00,https://app.virtuals.io/virtuals/273,0x1C4CcA7C5DB003824208aDDA61Bd749e55F463a3,,evm,,,,missing_chain_id
2026-05-31,c12fa0b26d464db39a95f354dc4110ea,REKTCOIN,正常,2024-12-23 22:00:00,https://rekt.com/,0xdd3B11eF34cd511a2DA159034a05fcb94D806686,https://twitter.com/rektcoin,evm,,,,missing_chain_id
2026-05-31,217984ef99a444f0913b0bb118d3d468,JOC,正常,2024-12-23 11:00:00,https://www.japanopenchain.org/en/,,https://twitter.com/Japanopenchain0,missing,,,,
2026-05-31,126210fd22864a5f9de52142abf3351a,MRSOON,正常,2024-12-22 19:00:00,https://tonstation.app/,EQCwe0g3cEFhsz4VK5nrtOZBkFeSISxhCVUqvON7Im__SOON,https://twitter.com/tonstationgames,ton,ton,ton,address_format,
2026-05-31,2d5b74e1091546d48f643dd6d6a22090,FAI,正常,2024-12-21 21:00:00,https://www.freysa.ai/,0xb33Ff54b9F7242EF1593d2C9Bcd8f9df46c77935,https://twitter.com/freysa_ai,evm,,,,missing_chain_id
2026-05-31,d9ada2614513462aa66a46db632e8fdb,EYWA,正常,2024-12-20 19:00:00,https://eywa.fi/,0x7A10F506E4c7658e6AD15Fdf0443d450B7FA80D7,https://twitter.com/crosscurvefi,evm,,,,missing_chain_id
2026-05-31,c8dcdb95faa84f14a20af1c7d226613f,SWARMS,正常,2024-12-20 17:00:00,https://swarms.world/,74SBV4zDXxTRgv1pEMoECskKBkZHc2yGPnc7GYVepump,https://twitter.com/swarms_corp,solana,solana,solana,address_format,
2026-05-31,d81ca01b2e8d4ad7a07734356da4a3b1,YNE,正常,2024-12-20 15:30:00,https://yesnoerror.com/,7D1iYWfhw2cr9yBZBFE6nZaaSUvXHqG5FizFFEZwpump,https://twitter.com/yesnoerror,solana,solana,solana,address_format,
2026-05-31,60010083138540ae905342c4a26dc9fc,PIN,正常,2024-12-19 23:00:00,https://pinlink.ai/,0x2e44f3f609ff5aA4819B323FD74690f07C3607c4,https://twitter.com/PinLinkAi,evm,,,,missing_chain_id
2026-05-31,8927bb69d4554ed3ab2b513c58c34ec8,WELF,正常,2024-12-19 20:00:00,https://www.welf.com/,0x2a92525fDA8D3AB481f8E2a913B64B64bD1c9fdD,https://twitter.com/WelfFinance,evm,,,,missing_chain_id
2026-05-31,fe96f37578b748f392e9abce8e64e41d,FUEL,正常,2024-12-19 18:00:00,https://www.fuel.network/,0x1d5d97005e41cae2187a895fd8eab0506111e0e2f3331cd3912c15c24e3c1d82,https://twitter.com/fuel_network,other,,,,
2026-05-31,f17a0fc73bbe484fbdadd57335e72410,ITHACA,正常,2024-12-19 18:00:00,https://www.ithacaprotocol.io/,0x49f1D4dB3ea1a64390E990C6deBEaC88EAC007Ca,https://twitter.com/IthacaProtocol,evm,,,,missing_chain_id
2026-05-31,2a7119a2e5ea4779b551d13bb2fd467f,NMT,正常,2024-12-18 20:00:00,https://power.netmind.ai,0x03AA6298F1370642642415EDC0db8b957783e8D6,https://twitter.com/NetmindAi,evm,,,,missing_chain_id
2026-05-31,9f81b6831f8c4df38b66de34edf154be,USUAL,正常,2024-12-18 19:00:00,https://usual.money/,0xC4441c2BE5d8fA8126822B9929CA0b81Ea0DE38E,https://twitter.com/usualmoney,evm,,,,missing_chain_id
2026-05-31,95311b8e47dd4d87aeb7e02d3930b194,UFD,正常,2024-12-18 11:45:00,https://unicornfartdust.com/,eL5fUxj2J4CiQsmW85k5FG9DvuQjjUoBHoQBi2Kpump,https://twitter.com/BasementRon,solana,solana,solana,address_format,
2026-05-31,1c2cf4f4531b404d9bb5622f3881f32c,PENGU,正常,2024-12-17 21:15:00,https://www.pengu.pudgypenguins.com,2zMMhcVQEXDtdE6vsFS7S7D5oUodfJHE8vd1gnBouauv,https://twitter.com/pudgypenguins,solana,solana,solana,address_format,
2026-05-31,e9953b36b80b4030b20f87299761a8a0,STREAM,正常,2024-12-17 21:00:00,https://streamflow.finance/,STREAMribRwybYpMmSYoCsQUdr6MZNXEqHgm7p1gu9M,https://twitter.com/streamflow_fi,solana,solana,solana,address_format,
2026-05-31,273d0eea86044f7bbbaa0499fc4f8344,PEPU,正常,2024-12-17 20:00:00,https://pepeunchained.com/,0x93aA0ccD1e5628d3A841C4DbdF602D9eb04085d6,https://twitter.com/pepe_unchained,evm,,,,missing_chain_id
2026-05-31,14e99764db684521b0c5efa04ed52681,FLT,正常,2024-12-17 18:00:00,https://fluence.network/,0x236501327e701692a281934230AF0b6BE8Df3353,https://twitter.com/fluence_project,evm,,,,missing_chain_id
